# b'"cell id","p-S6","PD-L1","Mcl1","Vim","NF\xce\xbaBp65","p-Akt","E-Cad","Bim","p-Rb","FOXO1A","p-Stat3","SOX2","p-\xc9\xa3H2AX","Ki67","PCNA","group id"'
"0001-0125",-7.560346444710321,-0.5243254876762391,-0.11612645059493687,-7.560346444710321,-7.560346444710321,-0.04660391864638225,-0.8834582166257325,-0.03784183802413743,-1.8660723652419078,-7.560346444710321,-6.33774817626122,-0.9116585708139082,-1.2688050833155886,-1.4876337629018206,-1.0257367228641554,4
"0002-0145",-7.560346444710321,-7.560346444710321,-1.2594157064234714,-7.560346444710321,-7.560346444710321,-1.4361467594042487,-7.560346444710321,-2.642601593677411,-7.560346444710321,-7.560346444710321,-7.560346444710321,-7.030895356821166,-5.526817960044891,-7.560346444710321,-7.560346444710321,4
"0003-0226",-3.7921707152803332,0.4874787553995752,-0.256061863277953,-7.560346444710321,-1.4701752197063804,0.16057211090736434,-0.03830106264578248,0.32094266528890714,1.4575250602195702,1.1078537474910206,0.602270456195594,0.5777655031417694,0.2083580889118517,1.8057348277360674,0.8013555354344088,4
"0004-0306",-0.43302922071525796,1.119610796159341,-0.15976557490821808,-1.8406807784265817,0.46106735847849123,0.34721427022747076,0.32222466786465986,0.5559464041844784,1.3537186386640325,1.6791029196202416,1.2049011111932622,1.056936938573564,0.09281586695185151,1.7415208687312482,1.1606060311989985,4
"0005-0501",1.8644299982681023,1.5845512108002069,-0.2956708518951068,-0.4797763215338602,-0.8013603518030319,0.06958263665547282,0.2563615083346269,0.2467360966243266,1.106100025245098,2.1745712613395245,0.41163566109515415,0.7581833463893215,-0.6541303496642685,2.552735076745183,2.1745712613395245,4
"0006-0518",1.767446686164659,1.7456958485113052,-0.2594942290954849,0.057134331975150054,-0.20160408531927132,0.07983922603199911,0.47573460577444493,0.4768328616115465,0.10363550334870908,2.0559588437823244,1.6782779367217255,1.1892769631513556,-0.27102197099284453,2.5031235782292605,2.0627247758378946,4
"0007-0615",-7.560346444710321,-0.9072679546993205,-0.32277316234878306,-7.560346444710321,-7.560346444710321,-0.4121178460362671,-0.16809925041404838,0.04832724048556791,-0.8877453062710812,-2.661410231115207,-0.9953758842063767,-0.7300717417992173,-0.8415664092826134,0.8027431324377243,-2.6060134604274285,4
"0008-0625",-7.560346444710321,-1.35581696536988,-0.4677070617313346,-7.560346444710321,-7.560346444710321,-0.6887355755584395,-0.4585749257611056,-0.24640032103053677,-2.461315731852274,-5.32614726458274,-2.0069760914523913,-1.3421886539072894,-1.7812060651062485,-0.11562948383587734,-4.322805894612965,4
"0009-0692",-7.560346444710321,-0.48478951440876816,-0.4460657336426559,-7.560346444710321,-3.4473437006696868,-0.057782545892638204,-0.4634818645488794,0.036888798807289014,-4.391795961794186,-0.36326444644972433,-0.7915567253003246,-0.13568069226628854,-1.4305840699985772,0.004411605001505947,-2.864193611010359,4
"0010-0795",-7.560346444710321,-7.030895356821166,-0.37606079298423367,-7.560346444710321,-7.560346444710321,-0.5764452715488968,-1.7176516638799164,-0.7309895593606655,-7.560346444710321,-2.151848199146012,-7.560346444710321,-2.7133679821788643,-2.4256839467122466,1.5296828738636226,-0.2780025342799872,4
"0001-0016",-0.5065610831666012,0.39032058705576134,-0.39098103169943155,-5.644600995701275,-5.159093179919574,-0.09889687530496083,-1.5460593251304893,-1.1173541511676106,-1.6766313756709756,0.6488566552690873,-0.6507348896751184,-1.322086274873005,-5.644600995701275,1.1052220956547032,-1.3105449627200247,4
"0002-0069",1.66398006368504,1.1983873889931385,0.03859158660546047,1.870986126079913,0.3620984256099655,0.06710543906529409,0.4901901498926371,-0.04475299382762632,1.8450589402071795,1.6921300020043883,1.9192866727419062,1.4745671070550426,-0.1484198327283739,3.228502604243639,3.148005899824195,4
"0003-0074",-0.2329168219916946,-0.006208078206645595,-0.5378598930782719,1.361452952729934,-1.8746804197471132,-0.46559223160536334,0.9025812502248538,0.3051028956582913,0.9320809914406851,0.15339306144712328,1.1971862367360586,0.4632950656101933,-1.4759609333381034,2.6991992816009205,2.44828833573942,4
"0004-0100",0.15415118248633242,0.8833952359573267,-0.25207226998511967,2.037977316684616,0.07328696495404685,0.0976388424818122,1.2457921208559775,1.0190488530508883,1.3938917847214078,1.2013170965103672,1.9423042229502574,1.338647789753967,-0.26178903557115873,3.317043833990077,3.0197997210215437,4
"0005-0257",-7.560346444710321,-0.36836305132792013,-0.1473947563012148,-7.560346444710321,-2.6677592213891534,0.32988273411022107,-1.3836458420888915,-0.41948857072747625,-3.69864878123424,0.1151276294866852,-2.4206966102921292,0.3151532276740241,-1.390725252022527,0.8250751761144173,-6.33774817626122,4
"0006-0311",-7.560346444710321,-1.5460593251304893,0.2108674040981917,1.304334517512535,0.7078488332315569,0.0662783409875427,-0.11067916918675635,0.10959595187777893,-3.5808704194251106,-0.23459226809198164,1.0427018221031208,0.5891125887588498,-1.0946403858791474,1.5706773059278323,-0.3040245052541106,4
"0007-0431",0.1388775649964824,0.46551782109161444,-0.4948902241164763,-4.1976473705326,-7.560346444710321,-0.24923227413760074,0.829713811651315,0.3336900731624022,1.0650464081722983,0.35994131190795997,-0.030522780682833428,0.10044154005417472,-1.367896024541139,2.2776530159886477,1.6728157177886924,4
"0008-0444",1.083018674782716,1.1145475174965753,-0.36453666263730433,0.10761308052177476,-0.9977710037108327,-0.08004222980944142,1.1597746926602444,0.8656956857633329,1.2799267057656678,1.2171485781274498,0.6388715010949308,0.6975587855614513,-0.40745601212361393,2.081760239665627,1.9040591575083745,4
"0009-0450",1.4435329448454084,1.2168867737635036,-0.4215080166015399,1.6949750366644611,-0.13163839505873565,-0.06672133678284453,0.8747688527784057,0.43307940568179504,1.2876413244541585,1.038172323458614,1.6351870444321523,0.9671421665238888,-0.2623635609691073,2.554179891152941,1.7335086313473607,4
"0010-0475",1.9613273142477592,1.6786080115572357,-0.22957432770678565,0.6379376119068656,-1.2862531969533633,0.3041249380218627,0.4680125295805766,0.29692348828260684,1.9247200831134048,1.7691061236410874,1.7134716985071332,1.5103455784387112,-0.16809925041404838,3.3729966042809174,2.808118627316759,4
"0011-0492",2.3885684812900507,1.7947762896944006,-0.3588243926705532,0.4232839139678415,-0.9395468354076861,0.17329202872646832,0.32510355476541974,0.09603376715100964,1.8068967308097843,2.2976662743691065,1.6882151988360583,1.4708163031322776,-0.18232132192068917,3.349485592301276,2.8157690717409807,4
"0012-0496",2.635356327522411,2.0196665936437395,-0.13720077637546613,1.7375616661241864,0.8266237040230777,0.2866873116418258,1.0247767602260645,0.5166445310459125,2.075288786485359,2.2742478920873417,1.7446923745454477,1.5099550065357406,0.19097875451699142,2.823807808914001,2.886212822748547,4
"0013-0512",2.6631124504256345,2.267585750253449,-0.049851303663706936,1.2115044688352832,1.1880648112209755,0.11433886270974192,0.36302132515968744,0.47298367758656035,1.961762526235928,2.2889652945485217,1.7772878573033548,1.5037830602042455,-0.11216169219161465,2.468077475068144,2.539113894465686,4
"0014-0576",-7.560346444710321,-7.560346444710321,-0.6498878230539171,-7.560346444710321,-7.560346444710321,-0.9105591081965736,-4.06045069026389,-3.258093803816788,-7.560346444710321,-7.560346444710321,-7.560346444710321,-4.290017338253205,-0.8877453062710812,2.4276316017246167,-1.2719545695372014,4
"0015-0588",2.5623278010922466,2.1523176520945366,0.04916931364195154,1.5419600636177009,0.9426429486732069,0.34846305185336757,0.13540881732775745,0.3400029836876888,2.0859415532537113,2.7550849170871174,1.7815398626740162,1.6588598089303694,0.031762969065805,2.681106728793319,1.4198757345897537,4
"0016-0611",2.2816788102569845,1.8373450644882023,-0.04106084784056119,1.4478031993617364,1.465520937799452,0.444198796845221,-0.14534714826347628,0.2233208067158623,1.8635389194479757,2.7845913155154225,2.5501844231268507,2.1167564974493445,0.18585261270539455,2.482509538002587,1.4730482544786856,4
"0017-0617",3.1891004227606263,3.001441376204504,0.5511175037172062,2.2183193332656472,1.4470754630187432,1.0288933242163072,0.9412639633313002,0.8955649965279253,2.8184910450639613,3.5520843341132586,2.9005374345784283,2.4671778813697767,1.0690008138476035,3.82203678992078,3.602410903786483,4
"0018-0631",2.5994757304843095,2.096644995650708,-0.2739246194990912,-0.08004222980944142,1.1630959080990788,-0.04014007291472055,-0.2583487976425003,0.11078379017764295,1.7728675394787778,2.381934229574913,1.4259489698071768,1.4472834417346228,-0.8212619201343001,2.4758029474987193,2.0542035142037385,4
"0019-0644",2.9505401586178106,2.6161240250856697,-0.07860653441609866,1.869010172960019,0.5700453823180442,0.5318241312572205,0.1744070438671237,0.2083580889118517,1.0935898761775675,3.029826531127471,2.031389268774813,1.6659038899250973,0.22155127581747358,1.7037834784104078,2.37163142682102,4
"0020-0647",1.4108579257031089,1.7660868243312322,0.0166602721562068,2.244615403760097,0.6386381105491576,0.4669045385229964,0.7678710199469521,0.8756902690207653,1.9406548834346165,2.9979406779673248,2.0687751806619,1.7528455984035283,-0.10969204015197942,2.8056356140443413,2.962036909795973,4
"0021-0673",3.171196863508973,2.8642958619784906,0.3060798978279111,2.2597721618500586,1.5336967122311176,0.8599126290279617,0.39420277845699303,0.38311327153748653,2.418382105720518,3.318437476372802,2.576882621818573,2.15329329972238,0.09241290037197825,3.636014764208552,3.218593261708868,4
"0022-0676",2.9829412285702883,2.6556553806861025,0.1632045281649539,1.6325986020914343,0.2913229043517864,0.6297283858661835,0.4839425950090188,0.43393909496737937,2.8541864474525003,3.482463992809622,2.389865759339532,2.0834678992173057,1.0779166413847516,3.7113379803239344,3.4537561246885193,4
"0023-0691",0.7588045049419012,0.9598891140095809,-0.5508128585246395,1.0089453367558576,-3.8321741646586776,-0.052177337845129124,0.8108322779636374,0.45294973126840254,0.6231120795198013,0.6516253557412135,1.0214393913787827,0.3289287237392724,-1.7201176632561301,2.661230227026948,2.081760239665627,4
"0024-0704",1.1946460558191205,0.8090622596032837,-0.4571765319162866,0.6238230370744322,-4.728251372746157,-0.049851303663706936,-0.4034773793065529,-0.34624534955611175,0.9257949925660878,1.0405176338000075,1.187390846285302,0.4669045385229964,-1.8434700705429616,2.922967059050954,2.305631278276156,4
"0025-0713",2.111579095496479,1.8292873204635285,-0.14483605115443776,1.8083471924190135,-0.4740785203027409,0.5377804605045675,1.1868513471009248,1.063673986198257,2.1585660738583456,2.4347067401000793,1.6256632216792504,1.322286626124944,-0.5701700579226952,3.490474748772055,3.4943085119503134,4
"0026-0836",2.257878491771141,1.7735430625275708,-0.8252899700693916,1.0947739635227531,0.38251034016497965,0.16508027727448038,-1.0789132767912344,-0.81225652347847,-0.7429984842236523,2.0929990420593345,1.2513729942663758,0.8846736092440732,-3.0511806794560306,0.5221673260128323,0.8412170160234353,4
"0027-0889",2.1706947701533146,1.673396439742147,-0.632262206380787,1.5449823507217015,0.8398816014859438,0.141951279261729,-1.5927776402778937,-1.213745636829632,1.1446905279131734,2.2246478450178184,2.0144907107035923,1.405017641882468,-1.7681654999675196,2.2958430848597775,1.5869956593290837,4
"0028-0904",2.984171865847472,2.643846038555573,0.05462606579443019,1.3484523879016344,0.7374648614462593,0.745468215333851,-0.3276689459185871,-0.4412433109074385,1.560236929962569,2.981036353118901,2.2670362200857443,1.6391430690596227,-1.1052658128521449,3.333230664072433,2.9345483770891754,4
"0029-0938",3.3194934230399777,3.0215675936680224,0.062132068677082763,2.3563734726510077,1.295175687156723,1.0268370672417966,-0.5355915479745965,-0.60194463044422,1.654474275499517,3.526893903664151,2.9505170330364088,2.244521708589705,-1.0595959585427428,3.865317284660449,3.2328715576001823,4
"0030-0952",2.48184462069681,1.9769998565898899,-0.6190384082074454,1.109166894989288,-0.597113886425582,0.2686023279439089,-0.6456622263679819,-1.0098334134104023,-0.5616066919508729,2.230699077324232,1.9262670899051724,1.1768174297931058,-3.032651432001641,2.9115626963590433,2.1827280183133073,4
"0031-0992",-0.9486387987784672,-0.11364641633457406,-0.37734940405821504,0.24466148650873176,-4.95138020183201,0.11827463929952753,-0.2956708518951068,-0.34562056869661717,1.261941828884801,1.6158720409734642,0.8712605355030956,-0.4467565535366118,-2.553518388957019,3.033856082970706,2.1038434029334354,4
"0032-0998",1.8632645815288296,1.2107144016167624,-0.18020163501035125,1.8775670933346404,-1.7578565371514285,0.25977668168642953,-0.901806655465422,-0.7808814597931004,1.1047828416550995,2.4509978852281638,2.09174441901874,1.1460967463124447,-0.8920508542148298,2.745961221016941,1.8552063932561378,4
"0033-1027",1.1024367165666522,0.8410263837467937,-0.33382257509220103,1.4751740027380134,-2.451006737741725,0.3090051901603017,-0.7154990171306235,-0.687855714828495,1.4402921294416586,2.274156932729614,1.6235731522626615,0.6860490606963694,-1.017141323636606,2.980542755371216,2.1871041834906997,4
"0001-0020",1.6166623510543339,0.28069512004058694,-0.11711995486774729,-1.8078023777214307,-4.95138020183201,0.24327601811840616,-1.1629735544040285,-0.7808814597931004,1.3615662435817644,3.1243615035090144,-0.7579805706921912,1.030787490592056,-1.4740286403530458,2.825722306777667,2.4143577648677894,4
"0002-0541",1.7649522661087733,1.5105408072001847,-0.20376967737010432,0.40162678296280774,0.6797962251694347,0.21871349722255395,-0.3975389538940295,-0.0648328345607947,1.477194451223248,1.7450012430296855,1.0632160933226267,0.8975488693746545,0.03475622853922378,1.8385410648540077,1.4368306568513631,4
"0003-0815",1.692699714334248,0.8457813222906854,-0.06530462586774721,-1.4086461976905689,-0.16444498733421575,0.506572957793729,-1.4342876325269138,-0.4677070617313346,0.8484344680416189,2.2003148226443567,0.8171006542051487,0.48230644229363406,-1.4342876325269138,2.523462999955708,0.7668448917838013,4
"0004-0840",0.009241286854559938,-0.7392880467223186,-0.050316077866540354,-0.07669547462033943,-1.219715572922241,0.5020340290845304,-1.7350427449571217,-0.6414553991677856,1.6210418309410564,1.9814590778993288,0.767050201668841,0.19753155811544865,-1.3040092433151766,3.005696133919656,1.5640375935223236,4
"0005-0862",1.4267983745996045,0.9637752888280353,-0.3239948630099949,0.21906866025720362,0.38281185129201223,0.30445103017900976,-0.6583909520207216,-0.36836305132792013,0.024024112877170545,1.1529591050810843,0.11866732008631775,0.7469355108741667,-2.3533661611789274,1.3329518368136402,0.7513247694489493,4
"0006-0869",0.7121958108222213,0.6511644376754884,-0.29924214655053305,0.11630891905689378,0.3359041279630244,0.3374825997986104,-0.682592745981446,-0.3929436652473335,-0.8242814354534778,1.0977280623489918,-0.050781068184881484,0.8206095251974084,-1.4935216741284014,1.110041369656411,0.6219260258613915,4
"0001-0124",-7.560346444710321,-1.093320304989935,-0.9094608530698167,-7.560346444710321,-7.560346444710321,-1.1241335782939368,-3.4473437006696868,-1.886274317111333,-7.560346444710321,-7.560346444710321,-7.560346444710321,-1.8689334914571276,-2.239206505690434,-5.644600995701275,-1.0802144632919797,4
"0002-0146",2.3924553251315945,0.6391048371822681,-0.2229220196473447,0.6516253557412135,-0.750460918446243,0.24362256521278702,-2.020220801618919,-1.9714325069910101,1.6641474913525869,2.006438594692993,0.4915430952406741,0.745468215333851,-2.5036485122875014,3.080477646966452,2.9856466237466766,4
"0003-0183",2.750830008140861,1.7045876940972153,-0.12761178068626133,1.468884675333328,-0.6747498663866986,0.15490872921340237,-1.491555182592311,-1.8689334914571276,0.9821549746443186,1.8027514084710354,1.7987351738840065,1.1496038301578686,-0.39425423084586964,3.2659049240118687,1.9030048933900332,4
"0004-0188",2.569970139406758,1.4766897514111275,-0.16132274337776842,1.7970509349595059,-0.10280928685178115,0.19134390395383072,-0.6860983124331117,-0.4134538000729613,1.8235937265346092,1.8493111526550319,2.068495885151915,1.398924683210561,0.1174888148283717,3.4813493116860066,2.1502604190969077,4
"0005-0201",-7.560346444710321,-3.461329481839461,-1.075019845068815,-7.560346444710321,-7.560346444710321,-0.7485900826574801,-2.7752408799212445,-1.2408973655652087,-7.560346444710321,-1.7578565371514285,-2.6870516936109796,-2.3627116635283167,-2.2025439288275184,-2.833657985537111,-3.1492951309958235,4
"0006-0245",-7.560346444710321,-0.10182989212936278,-0.782813752778158,-7.560346444710321,-7.560346444710321,-1.0647108666055187,-1.3270736210589735,-0.7291547658544548,-7.560346444710321,-7.560346444710321,-6.1146046249470105,-1.8632194017209622,-1.4994467905826037,-1.8323592813573022,-1.6281808360254333,4
"0007-0434",-7.560346444710321,-7.560346444710321,-0.4201612663248184,-7.560346444710321,-7.560346444710321,-0.6558324128991391,-2.970411731365007,-1.4454835462715208,-7.560346444710321,-7.560346444710321,-7.560346444710321,-0.08918371808543935,-0.5819677576221975,-2.239206505690434,-7.560346444710321,4
"0008-0457",0.8021486837585154,-0.5931050741443356,-0.5477492845379652,-0.7915567253003246,-2.9966130255095695,-0.6248028619332722,-1.1757846234880382,-1.0698520715163715,1.8260887212811756,0.9469396329188768,-0.3252180580495816,-0.8374723956921635,-2.4307022000318765,2.46657768759764,1.8710541900406614,4
"0009-0469",0.6320806846802576,-0.9635896315279426,-0.4467565535366118,-4.679464012835272,-4.545939630891521,-0.44330721652055693,-2.3864648190706497,-1.4721000739245262,1.772567160473578,0.23562102777307814,-0.3607248594051944,-0.8487727302112402,-2.071516162342041,2.7337993669308283,1.626793465863983,4
"0010-0484",-7.560346444710321,-0.8222674125283005,-0.7082920540394166,-7.560346444710321,-7.560346444710321,-0.8560301337680585,-2.7403955789417385,-1.0828219265940877,-7.560346444710321,-2.068013661840073,-4.06045069026389,-2.4982578690251493,-2.8040272221792986,-5.526817960044891,-7.560346444710321,4
"0011-0489",-0.8467076095234987,-1.4837276606969816,-0.29626518266921753,1.45587687635153,-7.560346444710321,-0.050781068184881484,-3.2466655695169644,-1.2516580133446125,1.855275539729286,0.6010594087284371,0.6507033070663315,0.04832724048556791,-1.385411001551863,3.127970143774821,1.658691493539047,4
"0012-0501",-7.560346444710321,-2.3912839140195468,-0.4081206592999047,-7.560346444710321,-7.560346444710321,-0.9061733061829607,-1.6081114107943408,-0.6931465291310079,-7.560346444710321,1.206093037864786,0.05378857702790274,0.3846190114567154,0.1620769447379642,-0.7560945180929419,0.28102894139578893,4
"0013-0713",-7.560346444710321,-2.4157340240103604,-0.7684117532461645,-7.560346444710321,-7.560346444710321,-0.3799316184860615,-0.2441398541005988,-0.04429079742839548,-1.5439868664755911,0.9495086888945714,-2.0963832923789427,-0.5168852640630677,-2.239206505690434,-0.31003390902245886,-0.11216169219161465,4
"0014-0766",-7.560346444710321,-2.6805794258191042,-1.279873829671267,-7.560346444710321,-7.560346444710321,-1.3489795934590836,-6.1146046249470105,-4.833605345164622,-7.560346444710321,-7.560346444710321,-7.030895356821166,-7.560346444710321,-7.560346444710321,-2.2772645508050617,-7.560346444710321,4
"0015-0874",-7.560346444710321,-5.159093179919574,-1.2991353340975458,-7.560346444710321,-7.560346444710321,-1.3978551375509118,-3.811972418810745,-2.107232892433082,-7.560346444710321,-7.560346444710321,-7.560346444710321,-4.7795415676992,-4.391795961794186,-5.23913588759311,-3.3545499571940773,4
"0016-1004",1.5328380074312395,0.7078488332315569,-0.6173977821600793,0.8662535444503181,-3.917353873368861,-0.17492137175756461,-1.5585875665180948,-0.6904976228943349,1.4349375861342715,1.2433724508214716,-0.3022287036464313,-0.11216169219161465,-2.3034710564994603,2.3646341682795278,1.1130961940076975,4
"0017-1005",-1.9249106218145942,-1.8980042112049995,-0.44330721652055693,1.0935898761775675,-0.3325888161566155,0.000884400037612032,0.23562102777307814,0.35716149352904125,0.9897421123461658,1.3162592600797467,1.439873209553097,0.6746305093247713,-1.239369539127071,2.4634961663271575,1.6104987604536198,4
"0018-1006",-7.560346444710321,-2.068013661840073,-0.9612749040356556,-7.560346444710321,-7.560346444710321,-1.1629735544040285,-5.159093179919574,-2.6488319148152595,-7.560346444710321,-0.7674589548480455,-1.8575377773839383,-2.8187328601056816,-3.2931836731260757,-0.2537801470509242,-3.8953755356480606,4
"0019-1012",0.5717937859811695,-0.07098411090192602,-0.5795972424679814,-0.13466858504197354,-7.560346444710321,0.03901683089567687,-1.0232737603215245,-0.4412433109074385,1.3377200738067003,0.8417886949063131,-2.4982578690251493,-0.6532804031977681,-2.903722977133314,2.119786409221577,1.1907562961262954,4
"0020-1020",-0.17702988388378227,-1.1133084468847638,-0.41011725548168965,1.4587593270500694,-0.3239948630099949,0.068757585771837,-0.9094608530698167,-0.30822729299865603,1.3440810795110352,0.9483106173981835,0.9617495085038534,0.5039056804811182,-1.8660723652419078,2.034226273923327,0.5174353272996832,4
"0021-1033",-0.057782545892638204,-1.3270736210589735,-0.7064983997970948,0.5888672897087535,-1.3783669154465246,-0.3975389538940295,-1.7476527655593497,-1.0257367228641554,1.6365648596181384,0.19753155811544865,-0.12560483252302124,-0.06672133678284453,-2.325842528893612,2.1243933184780452,1.2706645850232103,4
"0001-0094",-7.560346444710321,-1.460606135407991,-0.8942105998534009,-7.560346444710321,-7.560346444710321,-1.1066017679399422,-4.227499283936399,-1.9128627534821865,-7.560346444710321,-0.5280673447439828,-4.1976473705326,-1.883363216707341,-1.9714325069910101,-2.536617251102907,-3.2241936059448557,4
"0002-0165",-1.4492428077030137,-1.279873829671267,-0.5424120780577413,-7.560346444710321,-7.560346444710321,-0.45647847858511703,-0.2240275604852533,-0.17229196820087722,-0.7589243765228009,-4.258269827249359,-3.5808704194251106,-1.810501331727556,-2.4665103580213046,0.6815866675035824,0.7668448917838013,4
"0003-0210",0.12531940866619795,0.8503251127666402,0.264538813879053,-7.560346444710321,-4.7795415676992,0.31740866013843316,0.34439879672271445,0.8248814414119217,-7.560346444710321,2.53056263762109,0.5722927689244255,1.4173074870827236,0.7746176656359509,1.2794349011238424,2.056015413900118,4
"0004-0263",-7.560346444710321,-2.7335698882653725,-1.1629735544040285,-7.560346444710321,-7.560346444710321,-1.279873829671267,-4.168660823420762,-2.3674173719836977,-7.560346444710321,-7.560346444710321,-7.560346444710321,-3.2931836731260757,-3.0235193413676837,-4.89075991006024,-1.7707594321129818,4
"0005-0290",-7.560346444710321,-1.5862773245315216,0.08309908744707606,-7.560346444710321,-7.560346444710321,0.3481510026154204,-0.8728189719614967,-0.7589243765228009,-4.89075991006024,-3.5193147587186413,-6.33774817626122,-2.06104524991314,-2.6302562066656447,1.758955321970026,-4.168660823420762,4
"0006-0521",1.9596467895556504,1.6335485401270375,-0.39688130043819303,1.7444606605600725,0.663991047430299,0.018397825376130328,-0.2646656475180551,-0.1341629153061925,0.749237166099503,1.3751810898354382,0.9646180715856065,0.3755500165447785,-2.033643291406129,1.7661624157977656,1.085410747241399,4
"0007-0524",2.0901601917251096,1.1125150743229586,-0.32644275112785426,0.3440854764572059,-0.7200298883874536,-0.2196127115942348,-1.8186421770555636,-1.3040092433151766,1.9803614249719228,2.029880612235976,0.43279267827130763,0.4915430952406741,-1.762997734279005,3.1391591549375963,2.1823791046170005,4
"0008-0525",2.4068180547899196,1.8166465313464837,-0.38771851144102154,1.7590314544234946,0.8273970696777351,0.06254742147241199,-0.3658104994208786,-0.13315234229437678,0.9527535811214651,1.5790064965388808,1.9939365480970093,1.0984653991103261,-0.8591566457886213,2.122436642022647,1.2445192691120965,4
"0009-0548",1.8006357726128996,0.8066973510535025,-0.2862092868913093,-0.15304572467650246,-1.1146551971614853,-0.32460627350403737,-0.4405562878869942,-0.4648882809539936,1.5152151283821205,1.8788510450284246,-0.012007559704312776,0.3891230281552076,-1.6885216559018872,2.9500543818149296,3.0405572633319515,4
"0010-0595",3.289068502987927,2.751084143334502,0.21871349722255395,0.6694382368324803,1.448322686981193,0.3593242419457914,-0.016941750699106528,-0.000884400037612032,2.745734162199927,3.8719563627813223,3.5452687909621012,3.006133750979247,1.864224435158233,3.825985765850488,3.3225908284701724,4
"0011-0644",3.016536015321776,2.599311421632523,0.13502265714016737,2.0945787818918866,1.5303530418749247,0.6873838262926171,0.43307940568179504,0.374942506369619,2.358047798973871,3.396322969581261,3.075714172797664,2.5939411871853153,0.8431213427164614,2.6543811738213883,3.0126532688466447,4
"0012-0675",2.90017270246525,2.2313164668768124,-0.1860416199664643,-0.04106084784056119,0.5511175037172062,0.29297366766993704,-1.136453585915958,-0.4523003605970466,2.040795786817249,2.674789119420547,1.390926003891547,1.1716253290164964,-0.5273180288237347,2.9923006374166476,2.703619937807874,4
"0013-0681",2.396327072482462,1.5005348745245204,-0.33567607225113694,1.2565454790283965,0.37342211429201466,0.04156500562930088,-1.6672199066587572,-1.1729235020938056,1.8236651778083601,2.5676666237868364,1.700156387501421,1.1109150802856735,-0.9418117544226936,2.7065463722611423,2.5379266652394676,4
"0014-0699",-0.7209385313131911,0.9155836132315116,-0.000884400037612032,-0.49199388140838884,-1.3801248431169126,0.3518895483075761,0.8632744758625908,0.7955860840817817,0.48066760819478915,0.17626191649687772,0.37433462690148644,0.3782792543367455,-0.00265581223146949,2.4633456093658683,1.2247115477542927,4
"0015-0719",2.061937736527172,1.3935626875474902,-0.30163081904147226,0.1747782937393838,-1.0294425782616186,0.11276039058068488,-2.8187328601056816,-1.4268941732491385,1.3177991691753537,2.547765635671844,1.9569020637743542,1.0703659495775817,-0.9418117544226936,2.763038796710653,2.197028502611724,4
"0016-0749",0.11354993809196401,0.22579290125298446,-0.41948857072747625,-7.560346444710321,-7.560346444710321,-0.4242069706076652,-0.4804916767045295,-0.14432521513221808,-4.89075991006024,-0.9216098216295086,-7.560346444710321,-0.9834841951110302,-1.9714325069910101,-0.11960804249639967,-1.2019116328213784,4
"0017-0757",0.8660676261309934,1.3720469809942326,-0.1618423388394179,-0.6566845321329664,-1.6125360238241875,0.05169128692903424,0.4607885458245029,0.5187522429056415,0.13695196860649705,0.516116985908063,-0.28915642081260895,0.16994082224235552,-0.3258302171045875,2.058275664946086,1.2386437359766127,4
"0018-0784",2.6614155137756352,1.7810186808941797,-0.34001503756242624,1.6208670277409105,0.5145326786130031,0.2022372685771492,-1.5606905385760497,-1.1052658128521449,1.5897948836281852,2.531828898746637,2.5458610294617667,1.4879348920005206,-0.9670718000590366,2.785382726507585,2.4046248428517245,4
"0019-0786",2.2468615683441637,1.5150208101415608,-0.2873870983931397,0.6444568682150109,-0.33939413597731694,0.254992166533639,-1.0195892099899906,-0.8212619201343001,1.6510027182650777,2.1909177029438407,1.4701051289139908,0.8295209736188784,-2.1442727095281295,2.8142330821091672,2.4806244125987735,4
"0001-0011",-7.560346444710321,-4.258269827249359,-0.9238344321266636,-7.560346444710321,-7.560346444710321,-1.267234052135306,-4.086425381916637,-1.9874322452591588,-7.560346444710321,-7.560346444710321,-7.560346444710321,-3.5045001899726556,-3.1390390025350134,-5.159093179919574,-7.560346444710321,4
"0002-0056",0.22508721190487524,0.33811329155240255,-0.916069850931855,-7.560346444710321,-5.526817960044891,-1.095962211685598,-0.4869453799448422,-0.39819704014257784,-0.1587288080622251,0.2979085105716601,-1.5862773245315216,-1.3154749379708264,-2.461315731852274,0.8662535444503181,0.290661991006238,4
"0003-0079",2.425366324400864,1.978223572587721,0.130377065987612,-0.3929436652473335,-0.9350323291008742,0.48203348972154814,-0.8654391487608226,-0.17492137175756461,1.2973524095448195,2.286407621338501,0.1788529715958509,0.42183532356470366,0.2746672011519342,2.0704493832508497,0.6126259272045864,4
"0004-0276",-7.560346444710321,-3.6635589119249525,0.22790698622358097,-7.560346444710321,-7.560346444710321,-0.09402850356366255,-0.9578128280780005,-0.47549992991381895,-4.728251372746157,-7.560346444710321,-7.560346444710321,-1.4473614104824932,-2.55921618062837,1.888997284337563,-1.3766141353762675,4
"0005-0308",-7.560346444710321,-7.560346444710321,-0.5146639489113474,-7.560346444710321,-7.560346444710321,-0.9384162966968237,-1.8323592813573022,-1.0319208002317222,-7.560346444710321,-7.560346444710321,-7.560346444710321,-1.040643264109245,-1.0776137811768791,-1.3696335768720482,-7.560346444710321,4
"0006-0315",-0.27741895591081356,-0.564712165232705,0.08309908744707606,1.9778565645658635,-3.716666521927629,0.3219043212687911,-0.020996568657958292,-0.13973939598297225,-3.4473437006696868,0.5305246356428661,2.6264741745466793,1.54705481098628,0.7911868896555756,3.6887693346744364,0.8725545058761686,4
"0007-0434",-7.560346444710321,-2.107232892433082,0.3083558643197115,-7.560346444710321,-5.421457444387065,0.578509430073213,1.069152587657367,1.0384853494919213,-1.7176516638799164,-0.31063684039496575,-3.5968701576932594,1.3844141886980186,0.5213802644357006,0.7201880255436599,-2.7267904719660745,4
"0008-0438",-7.560346444710321,-1.2656654852230567,0.13772265217012514,-7.560346444710321,-3.367288409552188,0.5508627039744685,0.05420740908459276,0.3962869633469843,-1.4549083309902757,0.7281168708959118,-3.2131442011906195,1.045347430793635,-0.3010332916889302,0.6973386993640247,-1.9651036078439041,4
"0009-0689",-7.560346444710321,-0.22957432770678565,-1.4644227880889886,-7.560346444710321,-7.560346444710321,-1.385411001551863,-7.724042537381111,-3.772753517660352,-7.560346444710321,-0.8333950747323549,-3.0511806794560306,-4.833605345164622,-5.778132388325798,-1.3748644221692317,-7.560346444710321,4
"0010-0885",2.4214486031965663,1.7267693030190916,0.007926412506114033,1.3574795312561125,0.25430679182926585,0.4304958945159152,-1.6957271211276579,-1.9778017163572512,1.3505164281513906,2.555382283636126,1.4590676558709728,1.2604387326061364,-0.8963750200909608,2.7517050097093225,0.6495495493782784,4
"0011-0911",2.9716610166432957,2.585881304439047,0.17068650594103474,1.6827249741680337,1.2800496191429467,0.6873838262926171,-0.5280673447439828,-0.6852207680538305,0.6126259272045864,2.8798046977703553,1.4859360494885312,1.6953807829356204,-0.9823029060886999,2.3574621208418023,-0.15201589781836145,4
"0012-0911",1.5002390716309169,0.726407899312326,-0.3350578580693915,1.0168123278733496,-3.4335508267177275,0.19061347169733533,-2.7001232720123367,-2.3533661611789274,1.2895910431851014,2.667480321825767,0.08837380163361175,0.5447276498344689,-0.7847497867492432,2.681591030393472,2.2879340594215467,4
"0013-0914",3.365785901627193,2.9787007530745893,0.5116215800238741,2.405143697455424,1.743610491895124,0.9546272855231148,0.584194848244044,0.01448407640873306,2.0473224227391267,3.944642096042587,3.2387135300946692,2.7976374938902815,0.9701628919937892,4.061174880541444,3.020921166674725,4
"0014-0953",1.5426219455213968,0.34471201884938196,-0.4021546782801275,-0.5371032061897569,-7.560346444710321,0.045374387805754424,-2.1594860278349675,-2.040422707705427,0.5898481250859042,1.168332367648409,-1.0183645177950353,-0.6076101519311434,-4.89075991006024,3.030787411265532,2.4524450529351576,4
"0015-0957",1.987535591845095,0.6073411840821343,-0.17071763828699904,0.8614081786601737,-4.11309279128948,0.06379244575282961,-2.06452338604329,-2.0541250609075963,0.6838204846105196,1.597519619967553,-1.4159054783778506,-0.41011725548168965,-3.2241936059448557,3.1150471106926148,2.2822204078075465,4
"0016-0976",1.7988814954732693,1.0239832027862459,-0.07145881396283471,0.8989894298666261,-1.1786539543919243,0.5665393774353351,-1.6555787785964737,-1.4682540634351264,0.3846190114567154,2.328463517065405,0.5869024385830013,0.3803972129809603,-1.4104560834839388,2.757696507092005,1.7211710515349257,4
"0017-0977",1.913236498216957,1.2591845473931578,-0.26351360295250803,1.362245719293842,-1.151722106321051,0.522691689793719,-1.3766141353762675,-1.5712722522249765,0.9824860330105132,2.57983535238829,0.5268770383319552,0.4166029541423679,-1.6372303339251006,2.7376122700373475,1.845128791888392,4
"0018-1005",-0.057782545892638204,0.4264637855577149,-0.6347610708308116,-1.8746804197471132,-0.9474965972694029,-0.4684130001660707,-1.7325397106760025,-1.8462671645767514,-2.247539560074438,1.3169702176343776,0.28701913898756093,0.36394337375111974,-3.8527924503315765,-1.4032361118189973,0.6197875778736872,4
"0001-0007",1.3602059055253797,-1.7054120677834304,-0.5963100810734066,1.415699055449041,-2.033643291406129,-0.14483605115443776,-3.2813497103559834,-0.8888199565910488,1.2487132024025716,1.478203087323978,1.1463777528539012,-7.560346444710321,-0.33753374098890543,0.624770194891072,-7.560346444710321,4
"0002-0015",-0.7731894103693868,-0.07812842696909783,-0.26351360295250803,-7.560346444710321,-3.565122646689414,-0.08870052799708628,-0.6940310594421666,-0.07098411090192602,2.0732335289653623,1.6713207844900406,0.3138621214890147,0.38251034016497965,-0.021899876485592884,2.5929496472694993,1.884642323322474,4
"0003-0025",-7.560346444710321,-0.7020282891306167,-0.36836305132792013,1.080020736134566,-1.2991353340975458,0.28602332643939476,-1.29589920867424,-0.2606409740663711,2.3047934974073794,2.4943305503717,1.3376040487749563,1.197853791509063,0.5349363531170592,2.699466880811457,1.9800563074369535,4
"0004-0060",2.13610599122209,1.1470800892843762,-0.030522780682833428,1.2620669727027014,-1.698139578413862,0.4716053704260581,-1.0986111165448262,-0.5843439054735482,-5.159093179919574,1.7809441164491933,1.643083404510973,1.2043709790380746,-1.330414360602747,3.1673129981542676,2.3156300245759294,4
"0005-0069",1.874451574777332,1.2998860869074456,0.03944189443004831,-0.6524311785268191,-2.0506828423277135,0.46551782109161444,-0.7523352608228295,-0.3325888161566155,1.8359360884210663,2.032084773377491,1.879728668882148,1.331551846079467,-0.8333950747323549,3.2447283918621785,2.1290843339167225,4
"0006-0130",1.7073975554827516,1.5147291474791817,-0.21357394476875147,0.36670442943209114,0.08309908744707606,0.09643527757332926,0.7919881411229284,0.9542868730232819,1.3490261223548252,2.020546213916692,1.2431174236074245,1.1449719298335364,-0.20322783953101542,2.372043918252732,2.6019366272758813,4
"0007-0199",2.199187881779677,1.3200453452619438,0.08553702862880197,0.07164229066800942,-1.2019116328213784,0.6844895790790702,-0.9953758842063767,-0.16966946027980612,2.6659137897437777,2.8130131659164377,1.4981658813682461,1.4863361141921985,0.6788998004342872,3.413078009426256,3.2455035295682677,4
"0008-0210",2.2013915815137004,1.6069595914890584,-0.3664480268274266,0.7442088175866513,0.3794898620591658,-0.15614158384270826,-0.016042908493375307,0.32606121962547974,1.7777362706328113,2.1488694724152886,1.0200057542520113,0.8606606834276285,-0.5875209109859867,2.4366417422991695,2.3840554820789226,4
"0009-0212",0.927894650381111,0.8524007016812245,-0.34874838383723095,0.7829365946512858,0.47408495714071286,-0.08580628015106839,0.014048268382198081,0.29330341591654996,-2.871975466129469,1.6646497047738773,0.856163718969567,0.6221633491576313,-0.7182150756871497,2.3120892505320843,2.407733799371135,4
"0010-0244",1.3934529644173512,1.1123697416207996,-0.2566331067370555,1.7736931168098558,-0.4557809121925116,0.08877839879689642,0.03390192540085657,0.28002714283397623,-3.1288869952682887,1.199586943319158,1.7237769609185012,1.2263989620011078,-0.06577663986680538,2.7831433178270437,2.5265068276251164,4
"0011-0257",1.8166465313464837,0.8145589570626282,-0.3179005151894012,1.4588621138870277,-2.7133679821788643,-0.24753214006033453,-1.1106203753573443,-0.3282826076078793,2.4845017281558555,2.7258112059231063,1.8040623465669583,1.580918730961745,0.7328017892472314,3.3350428773987844,3.2230232376532886,4
"0012-0259",0.4281938233986464,0.5969308422380468,-0.2212659966814403,1.9321111194536549,-0.39951451329895526,0.1288237273013726,0.02056552989143956,0.35313250877741975,-0.9260640025516391,2.0249325404021974,2.7917728516336204,1.9737497953621244,0.6504726619966927,2.9755029020848998,2.6611684571474505,4
"0013-0298",2.0770629152572884,1.729596014803679,-0.20376967737010432,1.971659295552179,1.8263734484141487,-0.023256370006595972,0.12609910608393093,0.36578492432600207,2.173163371637397,2.8325373845041284,2.3736098842647326,2.1374626499815097,0.9205262717929248,2.7900094495020795,2.6289333957591197,4
"0014-0323",1.8001975132714723,1.2191100830034074,-0.265241828458878,1.2546562630382976,-0.5693885328043846,0.08715902702234501,-0.7227582978179052,-0.24301186585875367,-3.4473437006696868,2.3343051857884056,1.2470632048873576,0.5014987175869834,-0.8602009924811416,0.759218396392713,1.4510198029238044,4
"0015-0330",2.0509110422474404,1.5113213413264663,-0.17071763828699904,2.004951327069751,0.19061347169733533,0.3587067909731614,-0.25207226998511967,0.02272854562594251,0.5372639513647446,1.8966560949894546,1.8495893448238814,0.8656956857633329,-0.623977470153454,1.3129346183514272,1.0501540129264182,4
"0016-0334",1.997241755250636,1.634325008412274,-0.11364641633457406,1.5703096053644714,0.28768246353344296,0.33937348299661974,-0.2897468913039809,0.11984443810433021,1.5087822595465479,2.1880961198909024,1.2401797757633446,0.5964440060158456,-0.33012585540025796,2.040048839212494,1.2916586056627217,4
"0017-0344",1.8012198197839133,1.147781767547329,-0.29685986688246846,1.2969899513571352,-0.500708198074796,-0.07240889664896422,-0.6549810191543406,-0.22071459789087378,0.3238252399791488,2.1167032612746297,1.2101873431432857,0.43221897669458365,-0.777028039146435,0.24535350154712354,1.892401058655615,4
"0018-0352",2.5450287851922617,1.6514267003561134,-0.25264123830812935,0.521905040977316,0.34627665954916775,-0.0545087950782186,0.12726797199974982,0.07492893872743345,2.2207692157041894,2.6299217741331127,1.4116126187639857,1.4862361130201354,0.4336526139827459,2.9501931914832813,2.9480393914386163,4
"0019-0352",1.6616330293616226,1.2763556300464103,-0.3332055053542815,0.8993491930116075,-0.7693654603349387,0.032191126500133116,-0.5561952119534483,-0.14637012681049644,1.471628454840742,1.9676505407705491,1.506432862355009,0.7080666186573392,0.12998895746321004,2.485054429975193,1.5376943922020292,4
"0020-0356",1.8363589648286638,1.2887385089530206,-0.41680230442013677,0.9229883665121257,-0.2064832791580029,-0.0771728972893273,-0.604368781763049,-0.19890367365488526,-0.5538849408365385,2.1816310222150435,1.30060877667262,0.5947379230906549,-0.7346692767637908,0.9000683312456719,1.1664062917574736,4
"0021-0362",1.5440387904114417,1.5205442502376787,0.06130084517403578,1.5656093154875936,1.8992401404859294,0.4801207327785715,0.667172023577141,0.6853810092034962,2.25403406373176,2.725000172813129,1.8634703420236125,1.8686008034135249,0.8971884578393663,2.5818101525259127,2.521369423727691,4
"0022-0371",2.0828071758376954,1.4441590871992638,-0.3639003522267741,0.9424707048254017,-0.4677070617313346,0.12843501532723955,-0.5939053633846054,-0.11861206445228056,1.4098869318577112,2.2417536336203945,1.2573003152940352,0.5697953606349433,-0.8003756528308177,1.8090715923996665,1.36653850990953,4
"0023-0379",2.146856783711158,1.5595866087703936,-0.2927044849423224,1.140883664759487,0.23806293811320067,0.14003159819385758,-0.4048018321884195,-0.09500028367446589,0.43164494579541834,2.2146573544089083,1.6155205914631328,0.8145589570626282,-0.6165784774038254,0.6730531045009371,0.898629537245542,4
"0024-0410",2.352680017423193,1.9728895603330638,-0.2698632665921039,0.2051221224297839,0.8429310731550181,0.3282922108188373,0.6676256238567575,0.7610787909281651,2.190225390118819,2.720964204807366,1.1604675227617118,1.2683044260609897,0.2584120116355324,2.689668726359219,2.8659331179475895,4
"0025-0413",2.636844851071677,2.148714742557644,-0.3088291357614805,1.3314351031252496,0.980663854202307,0.2926438106535514,0.4110496887992241,0.5336405927813921,2.3376402558434872,2.791583103004646,2.3715901683181,1.8673036146392157,0.8471088866622463,2.8338376848265785,2.6781655111277214,4
"0026-0417",2.5904333579824623,2.1216953020257563,-0.01739147495262383,1.3405007799366793,0.22048805233040714,0.26792622124142085,0.05211099813532982,0.38882306125518795,2.7340865472054325,2.91307640881187,2.1204230909589707,1.8216648839086584,0.7527835030543297,3.126322643652207,3.0795836695617904,4
"0027-0419",2.8253816225571295,2.4597630696968196,-0.19245165230223904,1.1739514608914519,1.422757135059582,0.43965188232215624,0.7963838198325561,0.8289420090131632,2.2059304980320142,2.931205956253523,1.9703658901282015,1.7692568451339739,0.4565966708454283,2.7442572060182364,2.972679414991779,4
"0028-0440",0.5176987871433649,1.1025834999491355,-0.5355915479745965,1.1819825521632819,-2.3961263451492227,-0.21029473525021203,0.5556928320340031,0.6759808578708011,1.46908828758799,1.63630668284042,1.0311028364611126,0.7334389104715235,-0.4627793974041827,2.198010590405552,2.0470941470423973,4
"0029-0478",0.7169557363126273,1.016172454710702,-0.5891132067879337,-2.6120192720544386,-0.6695542284066454,-0.39951451329895526,0.6058951076530938,0.46385121783729844,1.0158523645247275,1.1906219017047448,0.46301687346413267,0.5702953415059273,0.37858204369235704,2.107826159666482,1.966537544368494,4
"0030-0494",0.22013339314309555,1.3877305777062894,-0.10722847227087229,0.9691570628789954,1.0922559251865227,0.42761747661337424,1.5679161418923808,1.481323527978784,1.6880517529891144,2.1391820393644885,1.3137669205733324,1.1938425510187436,0.0708189380539741,2.3962465667509125,2.6468271680459523,4
"0031-0540",1.945089179078673,1.7369392187385593,-0.13315234229437678,-0.3935987333488429,-0.775106882875181,0.29593749476788656,0.9673102132091973,0.9043725447951516,2.582846196637231,2.3223707904685913,1.2635674782338686,1.332602057173304,0.3359041279630244,3.235066296116692,3.185596455006287,4
"0032-0590",-3.2813497103559834,0.3336900731624022,-1.0621501422921344,-7.560346444710321,-7.560346444710321,-1.2302512776813979,-2.2065517988596826,-0.8738776923805247,-7.560346444710321,0.7188963633038465,-3.0235193413676837,-2.903722977133314,-2.4665103580213046,-2.155657573725878,-2.903722977133314,4
"0033-0691",-7.560346444710321,-7.560346444710321,-0.5058277043349433,-7.560346444710321,-7.560346444710321,-0.3288966461090874,0.7366186912004462,-1.0049909753757742,-7.560346444710321,-7.560346444710321,-7.560346444710321,1.3018121002014116,-0.8182514948472797,-6.33774817626122,-7.560346444710321,4
"0034-1024",-7.560346444710321,-4.95138020183201,-1.3506845586532297,-7.560346444710321,-7.560346444710321,-0.27683571790673334,-2.4665103580213046,-1.8241064605055852,-0.7570376547911728,-0.4698263738440831,-7.724042537381111,-3.772753517660352,-7.560346444710321,0.9229883665121257,-0.8202574377397926,4
"0001-0794",1.1630959080990788,-0.5740877960738784,-1.1405942170223247,1.0969903553676659,-2.7267904719660745,-0.03692402095879643,-0.6330944675764947,-2.5310464253849103,1.1585262240855414,1.0839163065859534,0.3263802375489888,-0.10477095864445651,-5.23913588759311,3.3452400915580522,2.990569061557709,4
"0002-0827",-0.16862237979944616,-2.1182014986581006,-1.29589920867424,1.8746550464911724,-6.33774817626122,-0.42623597724619167,-1.3783669154465246,-3.939826134359747,-7.560346444710321,-6.625430248713001,1.1777708769262016,-1.3801248431169126,-1.539854790083444,2.642839877200359,0.10363550334870908,4
"0003-0994",-7.560346444710321,-7.560346444710321,-1.9682630505552616,1.7024953865282217,-7.560346444710321,-0.7136924011068206,-7.560346444710321,-4.95138020183201,-7.560346444710321,-7.560346444710321,0.5513722385535722,-1.35581696536988,-2.600043503345203,0.6997569875465395,-7.560346444710321,4
"0001-0149",-7.560346444710321,-2.547852878272101,-0.1929876809866098,-7.560346444710321,-7.560346444710321,-0.5608318281635416,-2.1145319125225095,-0.8142504648140765,-7.560346444710321,1.0359782085518265,-0.7254941718374761,0.1869532859470615,0.15187509294447388,2.4324574513379265,0.705013298042946,4
"0002-0153",1.1077077357147136,1.4608131799180395,-0.058719717392404114,1.6582705810749392,1.8527831679346143,-0.23907389678920588,-0.38252051801133824,-0.15821082744288617,1.9489374014347511,2.1684223563245535,2.4288012848557887,1.8985120049558422,0.4427798757689718,2.5584675449613883,1.9433178047635504,4
"0003-0192",-7.560346444710321,-1.8891939167690879,-1.1419798774540704,-7.560346444710321,-7.560346444710321,-1.3455783590867645,-4.356706092484898,-2.247539560074438,-7.560346444710321,-1.4159054783778506,-4.89075991006024,-3.4335508267177275,-3.070048534752652,-3.0235193413676837,-3.61313005571407,4
"0004-0630",2.752128140005347,2.476211844364606,0.09120302542292169,1.968453549276136,2.004951327069751,0.4456153739682769,0.7306751153814783,0.6546164264964016,0.32350540579292897,2.1691298645241,2.390392326521118,1.7533051946479805,0.4543539747617231,2.6841600638635796,1.9569020637743542,4
"0005-0784",-7.560346444710321,-5.932283068153056,-0.3581917055288786,-7.560346444710321,-7.560346444710321,-0.564712165232705,-6.1146046249470105,-0.5538849408365385,-7.560346444710321,-7.560346444710321,-7.560346444710321,-3.96281503005569,-0.7627085328413798,-1.385411001551863,-7.560346444710321,4
"0001-0019",-2.435739814708344,0.7921883537168277,0.05546285376039517,-2.3580279950915806,-0.6116766954839408,0.4501349827363832,0.17105913937741235,0.7546558963936381,1.107561702615854,1.658943956003446,1.0215985575956115,0.7805087725227615,-0.3715629310382704,2.3815666491445153,1.0912173121264352,4
"0002-0041",-1.9906631428829398,0.24466148650873176,-0.7570376547911728,-7.560346444710321,-1.1337026595107833,-0.34001503756242624,-0.3525147218221605,-0.07621827977499329,-3.5193147587186413,-0.9497809603321503,0.34188948153637355,-0.3575594184271367,-2.0785581821118084,0.9182343924648215,-0.33567607225113694,4
"0003-0044",-3.917353873368861,-0.07145881396283471,-0.40083372448090326,-4.588497111619662,-0.6686910765476295,-0.2594942290954849,-0.17597507209285368,0.02316058790257891,-3.8527924503315765,-2.068013661840073,0.7985743174614548,0.13076502394222356,-1.4342876325269138,2.0553928998537874,0.7043578003772204,4
"0004-0609",1.493708821170653,1.2452830846279657,-0.1665315022424405,0.6439926334230748,-4.1976473705326,0.3083558643197115,0.550607839292276,0.31353908431276967,1.675633311039114,2.1173419083975524,1.5650549105444789,1.1103326913599822,-0.3916348149831723,3.034706813513333,2.735377906374188,4
"0005-0623",0.02359244359929491,-0.2212659966814403,-0.34001503756242624,-7.560346444710321,-1.5357397175096237,-0.35314382625831087,-0.3215529524190339,-0.04753066736406897,-5.421457444387065,-1.5134046182997372,-3.3172801987415896,-1.394283840391723,-1.2547538725108183,0.058803021011885725,-0.6549810191543406,4
"0006-0633",-7.560346444710321,-4.391795961794186,-0.9463570403652186,-7.560346444710321,-7.560346444710321,-0.5363470914433837,-1.7785849287375317,-1.242427529829219,-3.2813497103559834,-2.936511533493074,-5.159093179919574,-3.549619026409834,-6.1146046249470105,-0.34937512256860614,-5.778132388325798,4
"0007-0655",-7.560346444710321,-7.030895356821166,-0.44330721652055693,-7.560346444710321,-7.560346444710321,0.004411605001505947,-2.8877232388651652,-0.928298555070894,-2.247539560074438,-3.180710164659077,-5.159093179919574,-1.8660723652419078,-2.5145177670459606,0.9501926572750108,-5.526817960044891,4
"0008-0683",-7.560346444710321,-5.932283068153056,-0.6355954152039764,-7.560346444710321,-7.560346444710321,-0.16600946522867588,-3.4199456107295347,-1.4454835462715208,-7.560346444710321,-7.560346444710321,-4.833605345164622,-2.7823580493600852,-3.2696541539611736,0.44816016688668014,-7.560346444710321,4
"0009-0809",-7.560346444710321,-7.560346444710321,-0.9193901490413259,-7.560346444710321,-7.560346444710321,-1.2594157064234714,-3.0235193413676837,-1.3871792823131655,-7.560346444710321,-7.560346444710321,-7.560346444710321,-4.679464012835272,-4.258269827249359,-6.1146046249470105,-7.560346444710321,4
"0001-0028",-0.2318014154062995,-0.4585749257611056,-0.67909942560898,-0.8374723956921635,-7.560346444710321,-0.5393749867497801,0.35375341013548667,-0.056377882488662046,0.7973800954404151,-0.1458585067263538,-0.20593996938992465,-0.6549810191543406,-2.9448794532448614,2.196340408923259,1.6999948819420627,4
"0002-0440",-7.560346444710321,-3.986344875293318,-0.5717349428940093,-7.560346444710321,-7.560346444710321,0.014048268382198081,-3.0144698916974244,-2.461315731852274,-7.560346444710321,-1.7759706447675185,-3.005501600674295,-3.118837016328264,-3.4335508267177275,0.573788518940141,-4.588497111619662,4
"0003-0830",-7.560346444710321,-7.560346444710321,-0.23571079370478643,-7.560346444710321,-7.560346444710321,-0.39885555975384257,-3.2931836731260757,-1.1643889285349154,-7.560346444710321,-7.560346444710321,-7.560346444710321,-3.070048534752652,-3.2241936059448557,-0.574873003872888,-7.560346444710321,4
"0001-0033",-0.09015079924469305,-0.22236970722354688,-0.19245165230223904,1.826658094500658,-1.2862531969533633,-0.10919884080318365,-1.4250543180981552,-3.0144698916974244,-7.560346444710321,0.5531535678035553,2.1251327239413147,0.9207023368756619,0.1131552422594817,3.218221728205391,0.9852958071982094,4
"0002-0063",-1.3254084070649323,0.19753155811544865,-0.8242814354534778,-2.789526236216247,-3.235366465415715,-0.4797763215338602,-1.5419186940241225,-0.8344128474804879,-1.1629735544040285,0.4557562491200766,-1.2063329892210861,-1.0621501422921344,-3.3295497593527204,-0.18497726460952357,-2.6551012963404874,4
"0003-0093",-2.3034710564994603,0.32861051792264107,-0.7411415445556662,-7.560346444710321,-3.0605701082689576,-0.4585749257611056,-1.317123678922072,-0.5780200151438688,-0.14995942028165565,0.31869519841461447,-0.5931050741443356,-0.9717336339716898,-2.871975466129469,0.18768639563850797,-2.5422192848557703,4
"0004-0202",0.8161238427550472,1.3748457760147001,-0.09500028367446589,-7.560346444710321,-0.9799445061511598,0.40546541240738687,-1.0037840209549111,-0.5265692739574543,1.3273403516340352,1.9043225305759055,0.7731902192349942,0.49801219049381373,-0.976417302408426,2.168220119149563,0.6425986345612333,4
"0005-0351",-3.772753517660352,0.6133443765020985,-0.5198547139854561,-7.560346444710321,-0.5340821714213364,0.047062799717884296,-0.4509115248772,-0.050781068184881484,0.6205009020968966,1.244391909786037,0.012739189467112944,-0.05591028301956058,-1.6236866129767726,1.0879458837936333,-0.18179097881875705,4
"0006-0503",-7.560346444710321,-2.7133679821788643,-1.2594157064234714,-7.560346444710321,-7.560346444710321,-1.3105449627200247,-1.9188685438667035,-1.0159196238544004,-7.560346444710321,-7.560346444710321,-7.560346444710321,-3.393278201356691,-2.7267904719660745,-2.451006737741725,-3.0144698916974244,4
"0007-0596",0.007487736576988091,0.6209761690516427,-0.9429461405362094,-1.3713741535467783,-0.23683057181822242,-0.6355954152039764,0.151495240509667,-0.08388085858648964,0.3894225523584911,0.9287682083330235,0.28369590016998725,0.1131552422594817,-2.2065517988596826,0.5294838219244227,0.4136838643609533,4
"0008-0727",-7.560346444710321,-3.5808704194251106,-1.122774011032158,-7.560346444710321,-7.560346444710321,-1.3354435203247705,-2.0999867622267105,-1.2004421807974728,-7.560346444710321,-7.560346444710321,-7.560346444710321,-3.6635589119249525,-3.489901892604271,-2.2601708058203203,-2.5255064619172476,4
"0009-0875",-7.560346444710321,-3.3801912260751097,-1.1378318921814152,-7.560346444710321,-7.560346444710321,-1.390725252022527,-3.69864878123424,-2.06104524991314,-7.560346444710321,-7.560346444710321,-7.560346444710321,-7.560346444710321,-7.030895356821166,-7.560346444710321,-1.997156423875122,4
"0010-0912",0.9836440696679549,0.28469403194000886,-0.24696607041865448,-1.2563054036566808,-7.560346444710321,0.2529346315932832,0.3238252399791488,-0.293889976012645,-0.5485149744619626,1.7629825547597608,1.402084595059545,0.3837158396027913,-1.151722106321051,3.3413833337119723,2.576412083222145,4
"0011-0925",-7.560346444710321,-2.1182014986581006,-0.8033326634263522,-7.560346444710321,-7.560346444710321,-0.9149655302466808,-1.4895925505567487,-0.6922627805223325,-7.560346444710321,-4.356706092484898,-7.560346444710321,-5.644600995701275,-4.728251372746157,-3.4473437006696868,-2.4206966102921292,4
"0001-0211",1.8233795943205582,1.4784048112389492,-0.23627052602363463,1.9251070402473491,0.018831742357601655,0.08513111762196424,-1.3254084070649323,-1.0481806982525335,1.4140879059891525,1.6576810058253386,1.2537734059826189,0.14539744578843194,-1.7476527655593497,2.431097679644699,1.891401118320612,4
"0002-0230",1.588531629697039,1.530735729092072,-0.36708596093446566,1.1031705908958749,-0.601137884139268,-0.0743117742881001,-1.0776137811768791,-0.6678286690772719,0.3706795697250307,1.4787071428087692,0.2716391639584055,-0.4509115248772,-3.30515935737139,1.16447666143951,1.5669939846134007,4
"0003-0240",-6.1146046249470105,0.12336750128186758,-0.20593996938992465,-7.560346444710321,-4.11309279128948,-0.12861676723194027,0.2532778482073663,0.32254528901240853,0.9647865429366984,0.08350582394803752,-0.13113425489353236,-0.24696607041865448,-0.8539512098476445,1.8529217915864802,0.013176082129023214,4
"0004-0266",-4.356706092484898,0.2176468317943625,-0.34374856481604343,-7.560346444710321,-4.140490881229632,-0.3221628712698861,0.41075657383961417,0.4019225858564113,1.1066848837306704,-0.05684625186101844,-0.39032767556902215,-0.19728692000613002,-0.7513976504896824,2.2273682940688193,0.8627149523326825,4
"0005-0401",3.1021139027383686,2.624906033442377,0.5682939163846825,2.595855383640588,1.4056682350639953,0.9395378075832799,0.777059575641621,0.6764304809020398,3.0426685660570385,3.232365735104617,2.546727212984484,2.036074700581338,0.7378876782190122,3.8103989064635453,3.1218315632406224,4
"0006-0429",3.1954021597474203,2.8665872764265874,0.7113279768184277,2.0224200770749245,1.7894731340228986,0.9603968376693164,1.2884947941876508,1.0427018221031208,2.5751337501877867,2.807318327715487,2.7872359852835835,2.215188240540222,1.0544756906430681,3.7382698184123253,3.620467063785835,4
"0007-0509",0.6278425546921973,1.408374620471589,-0.09500028367446589,-0.9612749040356556,-1.2501136704883091,0.35994131190795997,0.942987347390531,0.9091927168913578,1.7413659079885733,1.5029966176362528,1.7555996528572742,1.1954489155178383,-0.06106649587968693,2.9088418590495415,2.131133014032571,4
"0008-0530",0.9486530700319413,1.1569983983972438,-0.1743949376543048,0.06793185361711895,-1.136453585915958,0.013176082129023214,1.0753559186615131,0.8903156283310629,1.7480078123990452,1.2172794546108356,1.3714863071936207,0.7376762921793887,-0.47124174797497,3.037784693213375,2.30752465551374,4
"0009-0680",-1.1714960053087484,0.6056538914791894,-0.5021679958709475,-1.1146551971614853,-2.936511533493074,-0.256061863277953,0.057134331975150054,0.2243810242076103,-7.724042537381111,1.144127486399853,-0.3325888161566155,-0.5819677576221975,-1.7681654999675196,-0.5131858086611407,0.06958263665547282,4
"0010-0687",1.9659806177406054,1.7523858811008122,0.2293138973044826,1.3476486062573034,0.7515332902890783,0.6705692873231666,0.3403175854938896,0.5645301172467736,2.6767980638322566,3.007030240663033,2.0211321518782785,1.8599664805416989,0.7160917706567727,3.3826357823208273,2.482915702294841,4
"0011-0795",1.4823281282709004,0.6898265401422226,-0.6869766275729559,-1.5194467034142676,-3.1914050495850947,-0.4898271162747605,-1.0013744735586014,-1.1187063647271174,0.29330341591654996,0.7911868896555756,-0.7808814597931004,-1.3455783590867645,-5.084985207765852,1.6125281692775317,0.9949862986919591,4
"0012-0813",2.427163363506903,1.9654233807726023,-0.43507622536612445,1.3153105297175767,0.1357948284532169,-0.31365696223605166,-1.322086274873005,-0.8749375348765485,1.0744503884944034,1.7488542523857422,1.0006907942205743,0.29429200875448647,-3.2241936059448557,2.085007805202787,1.6554035687349042,4
"0013-0825",1.7572025840582821,1.446242992734419,-0.8952922243829242,-0.7145953011360948,-0.6347610708308116,-0.9039875973712741,-1.2063329892210861,-1.4530162545243757,1.1467991146627714,0.870150083824969,-0.9659097294170014,-1.1079395101915734,-4.95138020183201,1.750698350127454,0.7695108792426328,4
"0014-0834",3.257739809023086,2.7802684678038325,0.32797380236335893,2.293972029377425,1.4458265588955808,0.7191117562375844,-0.3799316184860615,0.1714316340098332,2.1305556234478544,3.1573017893546105,2.443500066524379,1.7349134929429244,-0.1796724145820594,3.3929409870770613,2.6085672952038497,4
"0015-0832",2.534531914365637,1.876484511012528,-0.7579805706921912,-1.2563054036566808,-0.5947062936007432,-0.8023460213631282,-2.214616052288843,-1.6081114107943408,0.5817270246050423,1.679350281831793,-0.1131512633125542,-0.11216169219161465,-4.465900698220297,1.9596467895556504,1.0337794541073144,4
"0016-0841",2.7477756377660683,2.040106316532917,-0.5139246056739442,-0.00265581223146949,0.058803021011885725,-0.0867700989914244,-1.1392121007973568,-0.777028039146435,0.33558813438671464,1.4407109971892158,0.9006073457383614,0.29330341591654996,-3.005501600674295,2.4692008193303234,1.3088826669942044,4
"0017-0855",2.769073883479763,2.223069467811168,-0.3288966461090874,1.4796135894785376,0.6726019600130702,-0.09160317683412966,-0.5348365749207957,-0.9216098216295086,1.6478595511047462,2.4506167150995104,2.1762280086782617,1.2967482395581307,-1.5154145930882459,3.1874229675089722,2.1262935078502103,4
"0018-0858",-7.560346444710321,-0.360090969100745,-1.3204293383425592,-7.560346444710321,-7.560346444710321,-1.4454835462715208,-3.5193147587186413,-0.9440818149431411,-7.560346444710321,-0.37220413752532266,-1.9682630505552616,-4.1976473705326,-4.42816204802083,-3.61313005571407,-4.465900698220297,4
"0019-0939",-7.560346444710321,-7.724042537381111,-1.2656654852230567,-7.560346444710321,-7.560346444710321,-1.3978551375509118,-2.1906158048791156,-0.7064983997970948,-7.560346444710321,-0.8162483898964128,-7.560346444710321,-4.010441742886973,-7.724042537381111,-0.5686076179906472,-0.3677243022612222,4
"0020-0964",1.467866591609761,1.05647594972352,-0.5408923794137523,1.121485038767423,0.564781458660768,0.12726797199974982,0.3718994071020161,0.3090051901603017,0.8640200205761275,1.7405906525393338,0.1609485317174606,1.1753171558804247,-1.8406807784265817,2.5906653791945278,2.5083193033393716,4
"0021-0969",1.176681148820375,1.0686971971047239,-0.6747498663866986,0.8806501333204313,0.03901683089567687,-0.033718278844926175,1.001503044879657,0.6705692873231666,-0.07288427670298514,0.887589697469954,0.07779592132836388,0.49908626334747197,-1.8603745544509893,2.1419371757738475,1.8276537182281185,4
"0022-0983",2.5536985047540828,1.731867235290764,0.0826921854442153,1.6801744779293646,0.32988273411022107,0.5712945539296292,0.11984443810433021,-0.12360190413457772,2.021542104269738,2.6526693798215906,1.9215541634909972,1.4594786131397424,-0.6223287276012961,3.3292797162325716,2.644223111343173,4
"0023-0980",0.5216426871303099,1.3655234919818628,-0.5439340897012066,-1.6885216559018872,0.4478777317080844,-0.23515137451094859,1.0732419753590499,0.9275450134193175,0.8550363662984317,0.8766106203281883,-0.03509091013337162,0.0013259816350483788,-2.9282130551440124,2.2044198137882898,1.9540872209271054,4
"0024-0994",1.5712286033901446,1.51356210388432,-0.3857660962312899,0.0724649659301786,0.25567707182123556,-0.165487700595369,0.8182717995730844,0.70763100036495,1.1200435863706613,1.4209439674115778,0.2766805474599261,0.31289269673257714,-2.0102708594820173,2.5002616019572237,2.325659440018166,4
"0025-1013",2.3515019583022827,1.6927810616333652,-0.014247644208921884,0.8180767421976842,-0.1844455114494572,0.40399075974733645,0.06130084517403578,0.1511152437321579,2.207536138254376,2.3989802267788445,0.5001591838062804,0.8467296028745146,-1.0532374032658707,3.3124326125161794,2.9782734549820606,4
"0026-1016",0.13926269272772007,-0.22624231559262498,-0.7741476870347528,-0.7073948247688664,-0.928298555070894,-0.0743117742881001,0.7703296810602307,0.3852206731666614,0.16620404021128188,0.3620984256099655,-0.9039875973712741,-0.3890222425380827,-4.010441742886973,2.099952936187467,2.639689086721429,4
"0027-1023",2.7798296513221317,2.7199162671299373,0.6294928513661571,1.968700571853633,0.5878852021026049,1.235949824592959,1.4680702912909158,1.327457573573616,2.3542345969057443,3.0897358519183484,1.2305402842225828,1.5538078639875739,0.8446421973213027,3.335640968591287,3.3196213362749027,4
"0028-1024",-4.140490881229632,-4.010441742886973,-1.511398675407225,-7.030895356821166,-7.724042537381111,-0.8529133663661552,0.8366315557562434,0.42617515470454137,-0.6381026332557731,-1.1844191361659329,-7.030895356821166,-2.5255064619172476,-5.526817960044891,1.74306915688312,1.8520203941635263,4
"0029-1034",1.0322057645469709,0.1139444782011072,-0.6481958393429057,-7.560346444710321,-2.334933159898357,-0.4613759417641097,0.22013339314309555,-0.16600946522867588,0.920174048603414,-1.4436092018259332,-4.95138020183201,-1.0269704826961847,-3.8321741646586776,2.523533889060838,2.901995091376225,4
"0001-0637",-7.560346444710321,-4.290017338253205,-1.7300429259359342,-7.560346444710321,-7.560346444710321,-1.4417383639759036,-7.560346444710321,-3.873844815382349,-7.560346444710321,-7.560346444710321,-7.560346444710321,-7.560346444710321,-7.560346444710321,-7.560346444710321,-7.560346444710321,4
"0001-0425",1.7263760971846676,1.782655766938774,-0.5811769613684259,1.326402081113164,0.8694088787819556,-0.3022287036464313,1.3817531096335482,0.7853582993182915,1.8160714275333731,1.5445107374171982,1.6023397925705236,1.6584389673212545,0.02229631660809339,2.1000612677831256,2.1009810713746795,4
"0002-0717",-7.560346444710321,-7.560346444710321,-0.9520692045042765,-7.560346444710321,-7.560346444710321,-1.33881040002343,-7.560346444710321,-0.2826841530207336,-7.560346444710321,-7.560346444710321,-7.560346444710321,-5.932283068153056,-2.151848199146012,-3.180710164659077,-7.560346444710321,4
"0003-0763",1.5016187371433816,1.127372843108338,-0.3406363249058444,-2.7403955789417385,-0.7328277255231619,-0.5654900427658447,1.1542143748606914,0.880100250553367,1.3825299513465197,1.151003161146793,-0.8728189719614967,0.40014645457923415,-1.1643889285349154,2.2814530801687507,2.572538383777392,4
"0001-0053",2.7676032573950895,2.4254054228243795,0.264538813879053,1.6720684815841729,1.1946460558191205,0.7725779352415874,-0.7570376547911728,-0.4862262415584917,1.5452652119801407,3.0107606635196458,2.7003285803992974,1.8139838143748381,-0.10722847227087229,3.4896792507471837,2.8674169307545903,4
"0002-0125",-1.1012686229792417,-0.7467227403605339,-1.0621501422921344,-7.560346444710321,-7.560346444710321,-1.2348000156037635,-1.4454835462715208,-0.7646059945227792,-7.560346444710321,-7.560346444710321,-7.560346444710321,-7.560346444710321,-7.560346444710321,-2.020220801618919,-0.5280673447439828,4
"0003-0160",1.679350281831793,1.9408453221054724,0.22579290125298446,1.268180060440848,0.5084358278756316,0.7143621065702579,0.3302005354219455,0.6479320489980651,2.6977710271263504,2.5481461057046015,2.1419371757738475,-7.560346444710321,-5.159093179919574,3.7211133610677756,2.7531428763772645,4
"0004-0171",-7.560346444710321,-2.167178094681546,-1.2926735219867114,-7.560346444710321,-7.560346444710321,-1.5014288777452744,-1.2830584262800766,-0.9486387987784672,-7.560346444710321,-7.560346444710321,-7.560346444710321,-7.560346444710321,-7.560346444710321,-2.492896129059833,-0.9171753924895647,4
"0005-0241",2.825250571127931,2.068719327800032,0.014919694589365484,1.0609232984347265,0.08024729033013767,0.29987564911302744,-0.08580628015106839,-0.17124213958263024,2.446299184895361,2.7876987477954582,2.0461804555122978,1.5948316844560537,0.22649809295479972,3.448316462383504,3.3189815875757347,4
"0006-0288",3.03487686780017,2.250314491423172,0.03047739575000996,1.2333774228140548,0.4031049232130144,0.24983996403938846,-0.3955665162807982,-0.37028175018485765,2.361179680091432,2.768130699976739,1.7531520494346324,1.4928150671251021,0.030048503782532876,2.861847546235161,3.3202926500922665,4
"0007-0311",3.027752133863702,2.436796373560382,0.28269677113745306,1.3972862574459768,0.6824809511116161,0.5717937859811695,0.32988273411022107,0.3183737189854883,2.6689831507537622,3.040810871073921,1.5193839773545843,1.7830274584779566,-1.0331622181223716,3.403641008920868,3.32043643637563,4
"0008-0357",2.261892439941146,1.5032916060835202,-0.22016350297338594,-0.11562948383587734,-0.901806655465422,0.25670355100143816,-2.000418944133532,-1.0685642901671581,0.83394686730432,1.9664756789467521,1.7431465084000202,0.6862716453879454,-1.2501136704883091,2.216682756451391,1.5645001980660158,4
"0009-0394",2.8822837437135647,1.9076745482713928,0.08024729033013767,0.5900931836854326,0.33242269458887197,0.41864101894413874,0.279358719135554,0.3962869633469843,2.9828964514920937,3.158147715369065,1.9835901034158763,1.7982960806123014,0.676879901863261,2.790579515448215,3.401580861168263,4
"0010-0464",2.620765912581879,1.9044541911022232,0.11354993809196401,0.4599513124178287,1.4378809399745087,0.5179621775942387,0.5137395827091211,0.4627386039056667,2.9599084952922468,2.8317824397829483,0.26182060199793256,1.4642949935498262,0.3776734004424611,2.8940739363106793,3.2779455779118187,4
"0011-0615",0.6833741727867562,2.0438926687715337,0.25052840598628645,-7.560346444710321,-1.6861322626529027,0.7995686482658328,0.5192784000218449,0.6200254091560637,1.738727711726403,2.702079368529711,1.8082747235510386,1.2561679212534589,0.22508721190487524,1.9662900597142308,1.354745703544685,4
"0012-0663",-7.560346444710321,-1.3287435789122677,-0.9929864875950765,-7.560346444710321,-7.560346444710321,-1.0789132767912344,-0.7337480772296647,-0.3052235004450097,-7.560346444710321,-7.560346444710321,-7.560346444710321,-1.9714325069910101,-1.6719145692371074,-1.5971347779312195,-0.13973939598297225,4
"0013-0668",-7.560346444710321,-7.560346444710321,-0.27917071370427493,-7.560346444710321,-7.560346444710321,-0.5228330078087247,-2.9282130551440124,-1.147535238271784,-7.560346444710321,-7.560346444710321,-7.560346444710321,-4.290017338253205,-5.23913588759311,-1.4342876325269138,-3.5193147587186413,4
"0001-0144",-7.560346444710321,-1.2501136704883091,0.19207380306844524,1.9371569150164873,1.8121806315829616,0.611906961366552,-0.048922402801659715,-0.1860416199664643,-3.873844815382349,2.874403922215958,2.3333196346701293,2.6659137897437777,0.7041392056367073,1.1275160117993277,1.9999378687483897,4
"0002-0200",2.697800802513145,1.8536838783668532,-0.14944596101554453,2.4061008364511007,0.5006952126598669,0.18658652945910426,-0.73651422557315,-0.33444002584030397,1.3327186639812556,2.381117152469743,2.1505178502555022,1.5525918810337984,-0.4606749518865474,2.5667844542216454,2.306512340676406,4
"0003-0215",2.922919514275204,2.264192051897126,0.25464953789876166,2.389663178004044,0.5315643671943473,0.37037437773839077,-0.09987340025375335,-0.13872317465852824,2.2482161188259777,2.78748100387741,2.4908575033999654,1.8819529082507067,0.7397881444809684,3.236474668859058,2.956006083284997,4
"0004-0216",1.9788348335011836,1.52073749823521,-0.10182989212936278,2.467290369328616,0.8512690963649501,0.23771445864379626,-0.13517451060900676,-0.015144873479471244,0.45715655985826764,1.6873158195685605,1.742372723852469,1.1377709943846988,-0.928298555070894,2.8511770039175737,2.122436642022647,4
"0005-0223",-0.39491015830171694,-0.3203342295871705,-0.478348824748803,1.7030591308946228,0.32030104714983665,-0.06672133678284453,-0.9543626967489596,-0.6756182660544301,0.7102421241428889,1.0889878983931869,1.1473608196746063,0.7010735930660594,-1.4305840699985772,2.6026573590123974,2.3313027096948495,4
"0006-0225",-7.560346444710321,-2.461315731852274,-0.560057564325251,-7.560346444710321,-7.560346444710321,-0.8952922243829242,-5.421457444387065,-4.086425381916637,-7.560346444710321,-7.560346444710321,-7.560346444710321,-1.2378440433821156,-1.5691469327210434,-4.632946546533155,0.9061604259673217,4
"0007-0230",-7.560346444710321,-7.560346444710321,-1.0049909753757742,-7.560346444710321,-7.560346444710321,-0.9882247541131575,-7.560346444710321,-5.23913588759311,-7.560346444710321,-7.560346444710321,-7.560346444710321,-7.030895356821166,-2.8187328601056816,-7.560346444710321,-7.560346444710321,4
"0008-0233",2.5078873699755473,1.90603284422032,0.06751873171133038,2.6493619209701844,1.2076798591729485,0.2254401188286108,0.4635731803869074,0.32126332004675895,0.9360765314474477,1.9950194797651175,2.1985013306341106,1.4795129137474508,-0.38252051801133824,2.764627585630743,2.280459208764995,4
"0009-0231",-7.560346444710321,-5.159093179919574,-0.27741895591081356,-7.560346444710321,-3.489901892604271,-0.6975770254489655,-2.033643291406129,-0.7589243765228009,-7.030895356821166,-7.560346444710321,-7.724042537381111,-2.2859273812999508,-3.099035081864491,0.08877839879689642,-0.786690719725816,4
"0010-0238",2.309677908335628,1.6341525119996803,-0.27102197099284453,1.459170411022301,0.021431297702552143,-0.06719402012137365,0.3377979953970165,-0.02552128962582767,-1.7176516638799164,1.743610491895124,0.9495086888945714,0.687606114116992,-1.5014288777452744,2.6469838159190697,2.1711486814185452,4
"0011-0259",-7.560346444710321,-3.393278201356691,-0.5915064144934101,-7.560346444710321,-7.560346444710321,-0.5915064144934101,-1.6103212701612017,-0.599526341426766,-7.560346444710321,-0.44744785099262163,-1.4759609333381034,-0.6782279989545899,-0.5733032043424462,-0.45299550245157505,-1.2578593457926504,4
"0012-0264",-7.560346444710321,-5.32614726458274,-0.344996177944525,-7.560346444710321,-5.932283068153056,-0.9227215082667302,-1.5927776402778937,-0.6860983124331117,-5.526817960044891,-7.560346444710321,-7.560346444710321,-2.2946607468256373,-3.6635589119249525,0.29330341591654996,-0.3046238231508873,4
"0013-0284",-7.560346444710321,-2.5036485122875014,-0.7127903155706576,-7.560346444710321,-7.560346444710321,-0.4154610835503876,-3.2696541539611736,-1.0685642901671581,-1.525525517352424,-5.0159923362789005,-6.625430248713001,-3.4755136428608155,-2.3079054914298114,-1.2578593457926504,-4.679464012835272,4
"0014-0292",-7.560346444710321,-1.700557869727402,-0.8172500303135033,-7.560346444710321,-7.560346444710321,-1.1378318921814152,-5.0159923362789005,-3.15965753858125,-7.560346444710321,0.41163566109515415,-0.928298555070894,-2.5765069734012283,-3.5045001899726556,-5.778132388325798,-2.9533179863802657,4
"0015-0320",-7.560346444710321,-7.560346444710321,-0.9520692045042765,-7.560346444710321,-7.560346444710321,-0.8293343108331506,-2.5255064619172476,-1.3575336380354592,-4.95138020183201,-7.560346444710321,-7.560346444710321,-2.509068372152049,-2.230942317630187,-2.251732272684916,-7.560346444710321,4
"0016-0361",-7.560346444710321,-7.724042537381111,-0.11612645059493687,-7.560346444710321,-7.560346444710321,-0.20593996938992465,-2.4157340240103604,-1.4549083309902757,-7.560346444710321,-7.560346444710321,-7.560346444710321,-3.7537061774091405,-3.8953755356480606,1.2320888121312432,-6.1146046249470105,4
"0017-0398",-7.560346444710321,-0.39885555975384257,0.9733415562589922,1.5832813111622777,1.3008495572452592,1.5138539924945036,-0.045215403951155864,0.26284079750971756,2.4795508727094724,2.0792208734647613,1.318745542540647,1.6599532679794304,0.7126294455614737,2.685728466063148,2.1040051697706144,4
"0018-0396",-7.560346444710321,0.3377979953970165,-0.7254941718374761,-7.560346444710321,-7.560346444710321,-0.7136924011068206,-0.003986433669099121,0.12492933186574451,-7.560346444710321,-7.560346444710321,-6.1146046249470105,-0.5250734440304594,-0.5867257128540571,-1.1350771767641579,0.8033372279576234,4
"0019-0405",0.6472377602577897,-0.5220876023557546,0.15831060563914967,-0.27917071370427493,-5.778132388325798,0.5752817421137983,-1.4140857118731365,-1.5502171723731841,-4.588497111619662,-4.086425381916637,-0.2809255455388664,-1.2609744930889804,-3.0605701082689576,2.956075105765521,1.8487545360369815,4
"0020-0440",-7.560346444710321,-7.560346444710321,-0.49561562244449675,-7.560346444710321,-7.560346444710321,-0.5939053633846054,0.32414497190416736,-0.2157656430111352,-7.724042537381111,-7.560346444710321,-7.560346444710321,0.3060798978279111,-0.23459226809198164,-1.017141323636606,-7.560346444710321,4
"0021-0456",-7.560346444710321,-0.8508409051817578,0.12180322756696338,-7.560346444710321,-7.560346444710321,-0.1602843616920735,-0.3425025062867437,0.07615865217380158,-4.322805894612965,-4.168660823420762,-4.89075991006024,-0.8888199565910488,-0.9601195464301435,-1.4250543180981552,-0.344996177944525,4
"0022-0462",-7.560346444710321,-7.560346444710321,-0.6904976228943349,-7.560346444710321,-7.560346444710321,-1.1119635079052594,-2.4307022000318765,-1.1268582706838801,-7.560346444710321,-7.560346444710321,-7.560346444710321,-1.5776754477843316,-1.7451180083403912,-1.7838340898902594,-7.560346444710321,4
"0023-0478",-7.560346444710321,-7.560346444710321,-1.0946403858791474,-7.560346444710321,-7.560346444710321,-0.901806655465422,-1.3337643219104276,-1.2242165308098008,-4.42816204802083,-7.560346444710321,-7.724042537381111,-1.2501136704883091,-1.8575377773839383,-2.075030973484428,-7.560346444710321,4
"0024-0564",-7.560346444710321,0.09723781510950857,-0.8354316571454223,-7.560346444710321,-7.560346444710321,-1.058319808558573,-0.5701700579226952,-0.2826841530207336,-7.560346444710321,-7.560346444710321,-7.560346444710321,-1.2751140063698383,-1.2782853264310647,-1.6147556935107552,0.07943099514940943,4
"0025-0623",2.846337855576026,2.27665541217379,0.19134390395383072,1.852367181642606,1.163786441772384,0.42212520956710087,0.5886216414388468,0.5952255904020838,2.6092181636531997,2.832199045231098,1.752002621842271,1.8729581825074906,0.6822572577758237,3.316514705130645,2.880598662488218,4
"0026-0624",1.1234993507865383,0.38552136832725736,-0.9882247541131575,-2.04725243198168,-1.3661614860623628,-1.1012686229792417,-1.0802144632919797,-0.8273100958661379,-7.560346444710321,-2.547852878272101,-5.0159923362789005,-1.242427529829219,-2.089215075261685,-1.8186421770555636,-0.6887355755584395,4
"0027-0655",-7.560346444710321,-7.560346444710321,-0.19084528805642353,-7.560346444710321,-7.560346444710321,-0.5701700579226952,-0.1665315022424405,-0.23013063481181995,-7.560346444710321,-7.560346444710321,-7.560346444710321,-0.2240275604852533,-0.8602009924811416,-0.6730143055024174,-7.560346444710321,4
"0028-0771",-7.560346444710321,-0.6498878230539171,-1.0294425782616186,-7.560346444710321,-7.560346444710321,-1.228737838949404,-1.7578565371514285,-0.7337480772296647,-7.560346444710321,-4.290017338253205,-7.560346444710321,-3.716666521927629,-3.0605701082689576,-2.2815840361310444,-4.545939630891521,4
"0029-0779",-7.560346444710321,-1.1378318921814152,-0.8043202799136235,-7.560346444710321,-7.560346444710321,-1.0220445501405093,-1.7151917307004547,-0.8252899700693916,-7.560346444710321,-7.560346444710321,-7.560346444710321,-3.2131442011906195,-2.5422192848557703,-1.892122065454834,-1.4994467905826037,4
"0030-0813",-7.560346444710321,-3.811972418810745,-1.1039316401594084,-7.560346444710321,-7.560346444710321,-1.2975159623229944,-2.0069760914523913,-1.2048570306450541,-6.1146046249470105,-1.7350427449571217,-5.778132388325798,-3.4199456107295347,-3.8527924503315765,-2.5255064619172476,-2.348725959156419,4
"0031-0897",-7.560346444710321,-7.560346444710321,-1.0232737603215245,-7.560346444710321,-7.560346444710321,-1.143365827022655,-3.489901892604271,-1.6326953483336668,-7.560346444710321,-7.560346444710321,-7.560346444710321,-6.625430248713001,-4.728251372746157,-2.9533179863802657,-3.772753517660352,4
"0032-0978",-0.8855994640579627,-0.6339274220078925,-0.5310702358219812,-7.560346444710321,-1.3925029632640626,-0.018741862499500606,-0.557738363232188,-0.20052304542943578,-4.89075991006024,0.2689402099522802,-0.5561952119534483,-0.5280673447439828,-3.4473437006696868,2.074511577505083,0.7901844216585658,4
"0033-0984",-7.560346444710321,-3.96281503005569,-1.3121855887673908,-7.560346444710321,-7.560346444710321,-1.2078111294712928,-3.61313005571407,-2.4307022000318765,-7.560346444710321,-7.560346444710321,-7.560346444710321,-4.728251372746157,-4.632946546533155,-4.290017338253205,-0.8395173073704418,4
"0001-0012",-7.560346444710321,-0.8152489283922488,-0.2594942290954849,-7.560346444710321,-7.560346444710321,-0.6704181259404693,-1.3105449627200247,-0.8043202799136235,-7.560346444710321,-7.560346444710321,-7.030895356821166,0.18475029378742924,0.4893775031898411,-1.26253571336433,0.2709651080577009,4
"0002-0013",1.9885043710452148,1.4163427385820526,-0.08821757126864149,1.547337197526785,0.34126079750228033,0.5124163568190987,0.23736585769411622,0.12062841437218275,2.674697711064816,2.5211562804433836,2.1531393133662835,1.5942034832107979,0.6323156105157501,3.5838140281905773,2.6130498410828302,4
"0003-0177",-7.560346444710321,0.10243866852356742,0.11552154774654966,0.2222594639698645,0.7184654382040403,0.25977668168642953,0.15944199757388056,0.282363506168112,-4.95138020183201,1.412043543863792,0.6309052269367754,2.1052984266898704,1.96114073682614,2.9351826523201403,2.912451974804217,4
"0004-0177",1.881279442649932,1.4193412529244505,-0.2986460443670085,1.012806197632555,0.04748445764433562,-0.04336704501320465,-0.7328277255231619,-0.43234781593567284,1.5116138846272857,1.9749774925375334,0.831447682591369,0.5297441269303871,-0.2663951872513888,2.228701950172555,1.162404897259501,4
"0005-0183",-7.560346444710321,-1.385411001551863,-0.327055660579024,-7.560346444710321,-7.560346444710321,-0.29983930703513106,0.397178857413242,0.29954806129659595,0.38069936181664943,-0.26178903557115873,-2.1480532808488553,-0.49054884979261004,-1.055775377060252,1.9834683893332805,0.786969754111988,4
"0006-0196",2.0470941470423973,1.5374093810186995,-0.24923227413760074,-1.0344051790471473,-0.05357555980058848,0.0030903606610701573,-0.7741476870347528,-0.4898271162747605,1.762072098863559,2.2205292509054093,0.9581948376228926,0.7843499683292965,0.262160782825954,2.275475087824823,1.0694560661885006,4
"0007-0223",2.032895652697265,1.5779120396774573,-0.10280928685178115,0.3151532276740241,0.28036118721147396,0.11945221936783135,0.4293455213985631,0.41163566109515415,1.9918275516425155,1.611205072848172,1.0040980130936141,1.4784048112389492,0.003971384158054647,2.5748980967495143,3.027752133863702,4
"0008-0233",-7.560346444710321,-1.0220445501405093,-0.1176170773935068,-7.560346444710321,-5.23913588759311,0.3562331675489041,-0.030067113373264398,0.21622339830511805,1.2322177479484928,1.343850487626277,-0.49054884979261004,0.6676256238567575,-0.18497726460952357,2.503919092758645,1.7427596909690592,4
"0009-0226",-7.560346444710321,-7.560346444710321,-0.8845282672243862,-7.560346444710321,-7.560346444710321,-1.1503245349701245,-0.8664900806775728,-1.394283840391723,-7.560346444710321,-7.560346444710321,-7.560346444710321,-1.1419798774540704,-1.7970788207193538,-2.588202529796038,-7.560346444710321,4
"0010-0297",-7.560346444710321,-0.6931465291310079,-0.8354316571454223,-7.560346444710321,-7.560346444710321,-0.898544135207012,-0.9624315980365283,-0.41680230442013677,-7.560346444710321,-7.560346444710321,-7.560346444710321,-2.3123596781940465,-1.974612040829208,-1.9778017163572512,-0.6339274220078925,4
"0011-0311",-4.588497111619662,-0.8293343108331506,-0.10969204015197942,0.6960169044103726,-2.00369214327997,0.3199800836365494,-0.9007179656133104,-0.6190384082074454,0.11591531089591722,1.3952072204543295,-0.2658183415755797,0.4901901498926371,-2.230942317630187,1.2752446217190734,1.0791194221630747,4
"0012-0344",-7.560346444710321,-7.560346444710321,-0.8920508542148298,-7.560346444710321,-7.560346444710321,-1.1200604092442594,-7.560346444710321,-1.3455783590867645,-7.560346444710321,-7.560346444710321,-7.560346444710321,-5.932283068153056,-1.1729235020938056,-2.330377514485046,-7.560346444710321,4
"0013-0422",2.2607406478374514,1.8506319585581803,-0.24357570093500058,0.6066184072597203,0.8379710893557899,0.10959595187777893,0.9410914817774092,0.785962810241216,1.9130407279832529,2.0840731196653994,0.7306751153814783,1.227435863383512,0.07983922603199911,2.513416609686839,2.7957224401648286,4
"0014-0431",0.7132795453007823,1.2772187821561527,-0.45927444457179156,-3.08927924324571,0.021431297702552143,-0.10722847227087229,1.2333774228140548,1.0284192214868462,1.5234391697987206,1.4686811414912881,-0.020545220546875242,0.7395771598342282,-0.08773484767480877,2.167613162109479,2.3827098373374476,4
"0015-0439",1.7129935148524087,1.7077181587785741,-0.3518860129095893,-3.1288869952682887,0.6409698427148172,0.008364896083047135,1.5471489117496464,1.301330944534449,1.4940066786447819,1.443950457600085,-0.6984654851078735,0.854660299470158,-0.2733434153770613,2.1681695534645637,2.3701863167436645,4
"0016-0441",2.121112372373412,1.6193798624305487,-0.2756702614073596,0.6990980341719091,0.36670442943209114,0.05169128692903424,0.6889388044122491,0.6044469370583254,1.6776174600225975,2.1943226613403137,0.6311404290475302,1.4307177629606382,-0.14075665106381052,2.523923731068738,2.7045076440142797,4
"0017-0449",2.4287233515908593,1.9267822021897256,-0.3619938467398809,0.9520713626878852,0.6964578698749211,-0.12811414770936125,0.7456779608421673,0.5856726244341068,1.992490836190857,2.587744500733013,0.789180947710955,1.5799175404166625,0.18438272829851243,2.726476926056364,2.917986196167817,4
"0018-0489",2.2562128364737166,1.7839932978716053,-0.3562960423221657,1.5707692099469757,1.2301527772771816,-0.03922014503546478,0.7444188273866423,0.64376043518436,1.6654860029592609,2.181481279782913,1.6592804735063247,1.5612580095648863,0.2658951540778087,2.0386683237027157,2.3674969807989275,4
"0019-0504",-7.560346444710321,-7.560346444710321,-0.42691322868431403,-7.560346444710321,-7.560346444710321,-0.7020282891306167,-1.6885216559018872,0.7165239739552405,-7.560346444710321,-7.560346444710321,-7.560346444710321,-2.636409849219949,-0.5243254876762391,-1.1133084468847638,-7.560346444710321,4
"0020-0525",-7.560346444710321,-2.8040272221792986,-0.2873870983931397,-7.560346444710321,-7.560346444710321,-0.4014939832656639,-4.545939630891521,-2.6935661246934774,-7.560346444710321,1.3379520834925742,-1.2019116328213784,-1.1079395101915734,-1.4268941732491385,-2.789526236216247,-0.24075969928640362,4
"0021-0593",-7.560346444710321,0.5900931836854326,-0.0022126649179288194,-7.560346444710321,-7.560346444710321,-0.22679677164724943,0.33968828287604325,0.5735391380635448,-7.560346444710321,1.9315986701032024,0.2126559248030322,1.306491557062044,1.2096600067326797,0.2883453483715259,1.9249135803973552,4
"0022-0715",1.8125415113530892,1.3260500025779063,-0.01784140154904712,-0.27975531555646427,-0.478348824748803,0.159065009138609,-0.5273180288237347,-0.050316077866540354,0.9664696972433227,1.5929458955688744,-0.5883167419612532,0.14156763774900138,-0.9227215082667302,2.545999662722556,1.0584720350798076,4
"0023-0730",2.05005774127919,1.2853209412317756,-0.1473947563012148,-1.5798189901447275,-1.2830584262800766,0.01448407640873306,-1.3187751427099128,-0.5191115244427387,1.1860415521951655,1.8729581825074906,-0.6549810191543406,-0.2251343248965414,-1.794415803539187,2.6697796517913535,0.8507028131452952,4
"0024-0812",-7.560346444710321,-1.6885216559018872,-0.5258210793055866,-7.560346444710321,-7.560346444710321,-0.8685952636996115,-1.8323592813573022,-0.5931050741443356,-7.560346444710321,-7.560346444710321,-7.560346444710321,-2.871975466129469,-2.5036485122875014,-2.5255064619172476,-0.1775577073083312,4
"0001-0077",-7.560346444710321,-0.5131858086611407,-1.147535238271784,-7.560346444710321,-7.560346444710321,-1.2439600390845849,-3.393278201356691,-1.7127378339460746,-7.560346444710321,-1.3506845586532297,-3.461329481839461,-4.42816204802083,-5.084985207765852,-7.560346444710321,-6.33774817626122,4
"0002-0109",1.9358181499830884,2.02650693904922,0.65415661462686,0.12492933186574451,0.8656956857633329,0.6809156272382513,1.3887233145432276,1.3841927132480194,2.394393048858319,2.417160743935158,0.5871482200237441,1.2399239329247873,-0.6182177587270719,3.1720311214723225,3.102491415485252,4
"0003-0358",1.2066222581281334,0.705013298042946,-0.500708198074796,1.295659812875206,-0.5235789693054889,-0.2566331067370555,1.0000405183378493,0.5687946483248556,1.4838329618347714,1.1206205185595994,0.4947830327419531,0.6802441363754941,-1.9906631428829398,2.888553039768224,2.7629551097351808,4
"0004-0366",1.8756718643097319,0.8258497398110531,-0.5176268002997793,1.51356210388432,-2.456147950435878,0.15225480114619305,-0.5592838995076814,-0.7886342815185934,2.2449900966784817,2.5084992205258203,2.2848787966800703,1.5623708359444368,-1.5712722522249765,3.7843005599911095,3.424718014839307,4
"0005-0364",-7.560346444710321,-1.2609744930889804,-0.8192539633177596,-7.560346444710321,-7.560346444710321,-1.1378318921814152,-1.4895925505567487,-0.37092213543353125,-7.560346444710321,-7.560346444710321,-7.560346444710321,-2.3674173719836977,-2.110875743030795,-1.5862773245315216,-0.2537801470509242,4
"0006-0380",2.1805327625658553,1.1364948998052622,-0.1860416199664643,1.8830967598882342,-0.3209434053424465,0.2729863105377026,-0.9463570403652186,-0.8142504648140765,2.441616772193173,2.5164197336214613,2.4356747092287403,1.8877932363790642,-1.0025785215170995,3.8059356515880474,3.504885820164617,4
"0007-0398",1.4505017148974222,1.1129509457428295,-0.27975531555646427,1.5008305899446484,0.4579958060489968,-0.007988954400405923,1.1117881995040833,0.8786324165310759,1.8428210237923093,1.8301385328868136,1.7823583142040622,1.4345164166311353,-0.2780025342799872,3.219123775594845,3.2033361268755645,4
"0008-0405",1.3505164281513906,0.7364070367160043,-0.44399613274630134,1.6018944745003783,-2.1218846002675162,0.02919016760783677,-0.5288172225596419,-0.6149418789264969,1.8373450644882023,1.1431414002875524,1.6125281692775317,1.4198757345897537,-1.0025785215170995,3.769350964720088,3.6542348693226945,4
"0009-0434",1.2469361691640373,1.0281030280803645,-0.6601002887553848,1.405776626121419,-1.9714325069910101,0.05546285376039517,1.3253454734111454,0.9409189704685001,2.3411768799927586,1.649474892590666,1.1390456293090327,1.3327186639812556,-0.916069850931855,3.3303559172075623,3.3225430051498996,4
"0010-0466",1.7930116941224217,1.5606083522791483,0.02919016760783677,1.2192407030402919,0.12960069825209608,0.17959204162002962,0.6964578698749211,0.6109472528046975,2.3365725318882564,1.7014474938091446,1.4095630576119298,0.9666378569633665,-1.6766313756709756,2.958601736130067,2.808411898589682,4
"0011-0481",-0.27450616161580665,-0.06624887676829605,-0.8685952636996115,0.20620180061510318,-3.5808704194251106,-0.272762548857056,1.7694828847875446,1.260689381001482,1.845128791888392,0.613823056099811,0.6095063853875864,0.572043308575795,-0.6575373780932843,3.1606624878527327,3.1573017893546105,4
"0012-0575",-3.96281503005569,-0.6966893544499824,-1.4417383639759036,-7.560346444710321,-6.625430248713001,-1.1173541511676106,1.030787490592056,0.6635357951300875,0.18438272829851243,-0.6355954152039764,-3.180710164659077,-1.9682630505552616,-4.679464012835272,1.7608569861269459,1.7831760964189662,4
"0013-0656",2.2972218735903844,1.4719328417612907,-0.6481958393429057,-0.34687052101077764,0.6451528165642237,-0.3754163516849358,0.2796929868335436,-0.041521553433693015,-5.421457444387065,0.27768570256515,-0.0048744992874132365,-0.08628807345290568,-2.903722977133314,2.1509295053614963,1.5102479497632633,4
"0014-0656",2.018903689637698,1.403932250527264,-0.747655975638164,1.3170886614336652,0.9795025547100984,-0.2733434153770613,0.32254528901240853,-0.12260194233011834,-4.06045069026389,0.3633287691635747,0.9895777936080883,0.42125529933635963,-2.3123596781940465,2.104220818188331,1.4617359849507316,4
"0015-0666",0.4063491613227024,0.5431880627465056,-0.3975389538940295,0.014048268382198081,-0.8323783367924786,-0.08725235699061873,1.539782107482928,1.134506621390889,0.8053152338642509,0.64770076379091,0.03560980246666112,0.029619427787805463,-2.1906158048791156,2.626953703499167,2.5132375751305194,4
"0016-0664",-7.560346444710321,-7.560346444710321,-1.279873829671267,-7.560346444710321,-7.560346444710321,-1.401439234599362,-1.9714325069910101,-0.8570712186994687,-7.560346444710321,-7.560346444710321,-7.560346444710321,-4.391795961794186,-3.772753517660352,-2.6870516936109796,-7.560346444710321,4
"0017-0693",0.06420710962096177,0.4025139292749058,-0.9682352226804971,-0.25150362520298586,0.11354993809196401,-0.24640032103053677,0.4915430952406741,0.27567438100126385,0.01361227034421475,0.3697633544496082,-0.4419308062530307,-0.459974453051597,-4.632946546533155,1.6522742254087568,1.436200031385951,4
"0001-0126",2.4549915582246147,2.1856641520713946,-0.13517451060900676,0.8855857335005943,1.0299986905816318,0.5276597871662592,-0.7209385313131911,-0.11166727360817674,1.9447731055770774,2.8178574584846885,1.7261400994494096,1.322757806110678,-0.7082920540394166,2.1977651588638345,1.8185851529990575,4
"0002-0130",-7.560346444710321,-7.560346444710321,-0.8549901315673658,-7.560346444710321,-7.560346444710321,-0.43507622536612445,-7.560346444710321,-5.932283068153056,-7.560346444710321,-7.560346444710321,-7.560346444710321,-6.625430248713001,-7.560346444710321,-1.955684734255314,-7.560346444710321,4
"0003-0197",2.75876164126538,2.3163715799392417,-0.04706718564733148,1.5378843545390435,0.963606647009053,0.3145078829509025,-0.7684117532461645,-0.41278559995798236,1.990439189529413,2.9197287414616913,1.9229122245563879,1.626532753643195,-0.06530462586774721,2.8715048556583582,2.1369932455890623,4
"0004-0786",2.57661376973223,2.1412621048763203,-0.35503351769258806,1.1677823230051487,1.3009699257943357,0.25224784476990614,0.8629014949633227,0.3199800836365494,-4.42816204802083,2.832094917805037,2.125291083542601,1.8522284810820278,-0.38252051801133824,2.7358079666079895,2.8216792455765436,4
